county,state,medianHomeValue,medianHomeValueBucket,year
Autauga,AL,164900,329,2021
Baldwin,AL,226600,421,2021
Barbour,AL,89500,69,2021
Bibb,AL,102900,118,2021
Blount,AL,138100,253,2021
Bullock,AL,72600,17,2021
Butler,AL,93500,81,2021
Calhoun,AL,123200,202,2021
Chambers,AL,107000,136,2021
Cherokee,AL,141000,259,2021
Chilton,AL,117300,179,2021
Choctaw,AL,79800,33,2021
Clarke,AL,113700,162,2021
Clay,AL,122400,199,2021
Cleburne,AL,116500,175,2021
Coffee,AL,157700,308,2021
Colbert,AL,129700,224,2021
Conecuh,AL,82800,42,2021
Coosa,AL,95900,90,2021
Covington,AL,111900,155,2021
Crenshaw,AL,85800,53,2021
Cullman,AL,143700,266,2021
Dale,AL,112900,160,2021
Dallas,AL,85400,52,2021
DeKalb,AL,115100,170,2021
Elmore,AL,174800,354,2021
Escambia,AL,108200,141,2021
Etowah,AL,129600,224,2021
Fayette,AL,98400,99,2021
Franklin,AL,107200,136,2021
Geneva,AL,115300,170,2021
Greene,AL,80300,35,2021
Hale,AL,89700,70,2021
Henry,AL,122800,201,2021
Houston,AL,146300,273,2021
Jackson,AL,114200,165,2021
Jefferson,AL,176900,359,2021
Lamar,AL,102100,113,2021
Lauderdale,AL,154800,299,2021
Lawrence,AL,124300,206,2021
Lee,AL,186600,374,2021
Limestone,AL,185300,372,2021
Lowndes,AL,77700,27,2021
Macon,AL,84300,47,2021
Madison,AL,202500,393,2021
Marengo,AL,89500,69,2021
Marion,AL,89100,67,2021
Marshall,AL,147600,278,2021
Mobile,AL,144100,268,2021
Monroe,AL,103700,121,2021
Montgomery,AL,134700,242,2021
Morgan,AL,152400,290,2021
Perry,AL,74400,19,2021
Pickens,AL,105100,127,2021
Pike,AL,130900,228,2021
Randolph,AL,124200,206,2021
Russell,AL,130400,227,2021
St. Clair,AL,170900,344,2021
Shelby,AL,235500,430,2021
Sumter,AL,69800,13,2021
Talladega,AL,114800,168,2021
Tallapoosa,AL,111900,155,2021
Tuscaloosa,AL,183800,370,2021
Walker,AL,116200,174,2021
Washington,AL,111600,154,2021
Wilcox,AL,72800,17,2021
Winston,AL,105000,127,2021
Aleutians East,AK,144100,268,2021
Aleutians West,AK,325500,478,2021
Anchorage,AK,327500,479,2021
Bethel,AK,102300,115,2021
Bristol Bay,AK,234000,429,2021
Chugach,AK,255100,446,2021
Copper River,AK,232200,428,2021
Denali,AK,203600,395,2021
Dillingham,AK,155900,302,2021
Fairbanks North Star,AK,245700,440,2021
Haines,AK,256300,447,2021
Hoonah-Angoon,AK,224800,419,2021
Juneau City,AK,358200,488,2021
Kenai Peninsula,AK,249100,442,2021
Ketchikan Gateway,AK,315200,476,2021
Kodiak,AK,311100,475,2021
Kusilvak,AK,66200,9,2021
Lake and Peninsula,AK,116400,175,2021
Matanuska-Susitna,AK,265200,453,2021
Nome,AK,151900,289,2021
North Slope,AK,173500,351,2021
Northwest Arctic,AK,130700,228,2021
Petersburg,AK,246900,440,2021
Prince of Wales-Hyder,AK,192500,383,2021
Sitka City,AK,367800,490,2021
Skagway,AK,406500,495,2021
Southeast Fairbanks,AK,192300,382,2021
Wrangell City,AK,230800,425,2021
Yakutat City,AK,168100,336,2021
Yukon-Koyukuk,AK,77400,26,2021
Apache,AZ,57300,2,2021
Cochise,AZ,159500,312,2021
Coconino,AZ,320400,477,2021
Gila,AZ,190700,380,2021
Graham,AZ,150400,285,2021
Greenlee,AZ,92600,78,2021
La Paz,AZ,104300,124,2021
Maricopa,AZ,304700,472,2021
Mohave,AZ,192300,382,2021
Navajo,AZ,145700,272,2021
Pima,AZ,217700,412,2021
Pinal,AZ,218400,413,2021
Santa Cruz,AZ,165500,331,2021
Yavapai,AZ,295400,468,2021
Yuma,AZ,148900,280,2021
Arkansas,AR,114200,165,2021
Ashley,AR,78100,28,2021
Baxter,AR,138500,254,2021
Benton,AR,211100,403,2021
Boone,AR,133500,237,2021
Bradley,AR,78600,29,2021
Calhoun,AR,75900,22,2021
Carroll,AR,154400,298,2021
Chicot,AR,70900,14,2021
Clark,AR,120600,193,2021
Clay,AR,75800,21,2021
Cleburne,AR,139200,255,2021
Cleveland,AR,96200,92,2021
Columbia,AR,106300,131,2021
Conway,AR,116800,177,2021
Craighead,AR,157100,306,2021
Crawford,AR,131600,231,2021
Crittenden,AR,131400,230,2021
Cross,AR,85300,51,2021
Dallas,AR,78100,28,2021
Desha,AR,84800,49,2021
Drew,AR,103900,122,2021
Faulkner,AR,171800,346,2021
Franklin,AR,99900,105,2021
Fulton,AR,88100,62,2021
Garland,AR,145900,272,2021
Grant,AR,124900,210,2021
Greene,AR,136700,248,2021
Hempstead,AR,93000,79,2021
Hot Spring,AR,102300,115,2021
Howard,AR,107600,137,2021
Independence,AR,100100,106,2021
Izard,AR,87900,62,2021
Jackson,AR,75300,20,2021
Jefferson,AR,90500,71,2021
Johnson,AR,108300,141,2021
Lafayette,AR,60800,4,2021
Lawrence,AR,75900,22,2021
Lee,AR,75300,20,2021
Lincoln,AR,91800,75,2021
Little River,AR,86700,57,2021
Logan,AR,106400,132,2021
Lonoke,AR,153600,295,2021
Madison,AR,121500,196,2021
Marion,AR,139200,255,2021
Miller,AR,114100,164,2021
Mississippi,AR,96200,92,2021
Monroe,AR,74600,19,2021
Montgomery,AR,116800,177,2021
Nevada,AR,71100,14,2021
Newton,AR,147200,276,2021
Ouachita,AR,78800,29,2021
Perry,AR,117600,181,2021
Phillips,AR,73400,18,2021
Pike,AR,86900,58,2021
Poinsett,AR,82000,39,2021
Polk,AR,108100,140,2021
Pope,AR,132400,233,2021
Prairie,AR,80200,34,2021
Pulaski,AR,166300,332,2021
Randolph,AR,96500,93,2021
St. Francis,AR,68100,11,2021
Saline,AR,168100,336,2021
Scott,AR,82200,39,2021
Searcy,AR,101500,110,2021
Sebastian,AR,136600,248,2021
Sevier,AR,94200,85,2021
Sharp,AR,77000,25,2021
Stone,AR,121600,196,2021
Union,AR,89200,67,2021
Van Buren,AR,106600,134,2021
Washington,AR,201800,392,2021
White,AR,129600,224,2021
Woodruff,AR,76800,24,2021
Yell,AR,112100,155,2021
Alameda,CA,870100,510,2021
Alpine,CA,378200,491,2021
Amador,CA,349500,485,2021
Butte,CA,325600,478,2021
Calaveras,CA,354600,487,2021
Colusa,CA,300500,470,2021
Contra Costa,CA,689000,509,2021
Del Norte,CA,237700,432,2021
El Dorado,CA,510200,503,2021
Fresno,CA,288100,465,2021
Glenn,CA,262600,451,2021
Humboldt,CA,344800,485,2021
Imperial,CA,219800,414,2021
Inyo,CA,291400,466,2021
Kern,CA,241400,435,2021
Kings,CA,243300,438,2021
Lake,CA,260600,449,2021
Lassen,CA,211300,403,2021
Los Angeles,CA,647000,508,2021
Madera,CA,284800,464,2021
Marin,CA,1118300,511,2021
Mariposa,CA,302600,471,2021
Mendocino,CA,417100,497,2021
Merced,CA,288400,465,2021
Modoc,CA,152400,290,2021
Mono,CA,390100,494,2021
Monterey,CA,596400,506,2021
Napa,CA,685500,508,2021
Nevada,CA,474100,501,2021
Orange,CA,738100,509,2021
Placer,CA,539400,504,2021
Plumas,CA,268900,456,2021
Riverside,CA,390400,494,2021
Sacramento,CA,398300,495,2021
San Benito,CA,623000,506,2021
San Bernardino,CA,370700,490,2021
San Diego,CA,627200,507,2021
San Francisco,CA,1194500,511,2021
San Joaquin,CA,391500,494,2021
San Luis Obispo,CA,630600,507,2021
San Mateo,CA,1225900,511,2021
Santa Barbara,CA,625200,507,2021
Santa Clara,CA,1134400,511,2021
Santa Cruz,CA,826500,510,2021
Shasta,CA,281600,462,2021
Sierra,CA,231400,427,2021
Siskiyou,CA,229600,425,2021
Solano,CA,464000,501,2021
Sonoma,CA,665800,508,2021
Stanislaus,CA,338300,483,2021
Sutter,CA,326300,479,2021
Tehama,CA,243600,438,2021
Trinity,CA,300800,470,2021
Tulare,CA,240600,435,2021
Tuolumne,CA,333500,482,2021
Ventura,CA,633900,507,2021
Yolo,CA,476000,502,2021
Yuba,CA,286000,465,2021
Adams,CO,360600,488,2021
Alamosa,CO,160400,316,2021
Arapahoe,CO,415500,496,2021
Archuleta,CO,356400,488,2021
Baca,CO,117900,182,2021
Bent,CO,88900,66,2021
Boulder,CO,575700,505,2021
Broomfield,CO,482100,502,2021
Chaffee,CO,416100,497,2021
Cheyenne,CO,157500,307,2021
Clear Creek,CO,471400,501,2021
Conejos,CO,129600,224,2021
Costilla,CO,123000,202,2021
Crowley,CO,71200,14,2021
Custer,CO,262700,451,2021
Delta,CO,268400,455,2021
Denver,CO,459100,500,2021
Dolores,CO,181400,365,2021
Douglas,CO,540400,504,2021
Eagle,CO,640400,508,2021
Elbert,CO,538800,504,2021
El Paso,CO,331400,481,2021
Fremont,CO,217500,411,2021
Garfield,CO,383600,492,2021
Gilpin,CO,411500,496,2021
Grand,CO,374800,491,2021
Gunnison,CO,435800,498,2021
Hinsdale,CO,338600,483,2021
Huerfano,CO,193200,383,2021
Jackson,CO,239100,434,2021
Jefferson,CO,463400,501,2021
Kiowa,CO,105500,129,2021
Kit Carson,CO,161100,319,2021
Lake,CO,262800,451,2021
La Plata,CO,430200,497,2021
Larimer,CO,420200,497,2021
Las Animas,CO,168100,336,2021
Lincoln,CO,163900,326,2021
Logan,CO,177100,359,2021
Mesa,CO,264100,452,2021
Mineral,CO,354400,487,2021
Moffat,CO,201700,392,2021
Montezuma,CO,243500,438,2021
Montrose,CO,264900,453,2021
Morgan,CO,239800,434,2021
Otero,CO,107500,137,2021
Ouray,CO,528000,503,2021
Park,CO,395800,495,2021
Phillips,CO,213400,407,2021
Pitkin,CO,730300,509,2021
Prowers,CO,108400,141,2021
Pueblo,CO,190000,377,2021
Rio Blanco,CO,220100,414,2021
Rio Grande,CO,180600,364,2021
Routt,CO,570600,505,2021
Saguache,CO,161000,318,2021
San Juan,CO,330000,481,2021
San Miguel,CO,479500,502,2021
Sedgwick,CO,116700,176,2021
Summit,CO,641900,508,2021
Teller,CO,328900,480,2021
Washington,CO,173000,350,2021
Weld,CO,352000,486,2021
Yuma,CO,184400,370,2021
Fairfield,CT,443100,499,2021
Hartford,CT,249000,442,2021
Litchfield,CT,270000,456,2021
Middlesex,CT,298300,469,2021
New Haven,CT,259400,449,2021
New London,CT,257600,448,2021
Tolland,CT,264500,453,2021
Windham,CT,217300,411,2021
Kent,DE,238700,433,2021
New Castle,DE,275600,459,2021
Sussex,DE,285100,464,2021
District of,,635900,507,2021
Alachua,FL,210800,403,2021
Baker,FL,172300,348,2021
Bay,FL,209900,401,2021
Bradford,FL,127400,217,2021
Brevard,FL,235500,430,2021
Broward,FL,299700,469,2021
Calhoun,FL,103100,118,2021
Charlotte,FL,226700,421,2021
Citrus,FL,158800,310,2021
Clay,FL,212200,405,2021
Collier,FL,374700,491,2021
Columbia,FL,151400,288,2021
DeSoto,FL,112600,158,2021
Dixie,FL,84600,49,2021
Duval,FL,211200,403,2021
Escambia,FL,171900,347,2021
Flagler,FL,247000,441,2021
Franklin,FL,198500,389,2021
Gadsden,FL,105600,129,2021
Gilchrist,FL,137900,251,2021
Glades,FL,79000,31,2021
Gulf,FL,190700,380,2021
Hamilton,FL,87000,58,2021
Hardee,FL,101100,109,2021
Hendry,FL,116900,177,2021
Hernando,FL,173700,352,2021
Highlands,FL,131900,232,2021
Hillsborough,FL,251200,444,2021
Holmes,FL,85000,50,2021
Indian River,FL,242100,437,2021
Jackson,FL,104800,125,2021
Jefferson,FL,153400,294,2021
Lafayette,FL,102400,115,2021
Lake,FL,223000,417,2021
Lee,FL,248300,441,2021
Leon,FL,223400,417,2021
Levy,FL,130200,226,2021
Liberty,FL,102500,116,2021
Madison,FL,89000,66,2021
Manatee,FL,267300,455,2021
Marion,FL,160300,315,2021
Martin,FL,306700,472,2021
Miami-Dade,FL,332800,481,2021
Monroe,FL,613400,506,2021
Nassau,FL,264100,452,2021
Okaloosa,FL,248400,442,2021
Okeechobee,FL,125700,212,2021
Orange,FL,276900,460,2021
Osceola,FL,238700,433,2021
Palm Beach,FL,316600,476,2021
Pasco,FL,193000,383,2021
Pinellas,FL,238400,432,2021
Polk,FL,177900,360,2021
Putnam,FL,111200,152,2021
St. Johns,FL,348100,485,2021
St. Lucie,FL,231000,426,2021
Santa Rosa,FL,231800,427,2021
Sarasota,FL,286000,465,2021
Seminole,FL,280100,462,2021
Sumter,FL,280100,462,2021
Suwannee,FL,118100,183,2021
Taylor,FL,80200,34,2021
Union,FL,122000,198,2021
Volusia,FL,212900,406,2021
Wakulla,FL,182400,367,2021
Walton,FL,274500,458,2021
Washington,FL,124900,210,2021
Appling,GA,83200,43,2021
Atkinson,GA,62400,6,2021
Bacon,GA,88200,63,2021
Baker,GA,103200,119,2021
Baldwin,GA,130100,226,2021
Banks,GA,176300,357,2021
Barrow,GA,183200,369,2021
Bartow,GA,191800,382,2021
Ben Hill,GA,86100,54,2021
Berrien,GA,103700,121,2021
Bibb,GA,131400,230,2021
Bleckley,GA,106500,133,2021
Brantley,GA,84700,49,2021
Brooks,GA,105700,130,2021
Bryan,GA,243800,439,2021
Bulloch,GA,152600,291,2021
Burke,GA,90300,71,2021
Butts,GA,168600,337,2021
Calhoun,GA,57800,3,2021
Camden,GA,182500,367,2021
Candler,GA,94700,87,2021
Carroll,GA,162300,322,2021
Catoosa,GA,162500,322,2021
Charlton,GA,95600,90,2021
Chatham,GA,214900,408,2021
Chattahoochee,GA,111600,154,2021
Chattooga,GA,73300,17,2021
Cherokee,GA,292300,467,2021
Clarke,GA,199400,390,2021
Clay,GA,60900,5,2021
Clayton,GA,136600,248,2021
Clinch,GA,71500,15,2021
Cobb,GA,293800,467,2021
Coffee,GA,107900,139,2021
Colquitt,GA,96700,94,2021
Columbia,GA,228300,423,2021
Cook,GA,109600,146,2021
Coweta,GA,242800,437,2021
Crawford,GA,146100,272,2021
Crisp,GA,97300,95,2021
Dade,GA,132500,234,2021
Dawson,GA,266000,454,2021
Decatur,GA,120900,194,2021
DeKalb,GA,255600,447,2021
Dodge,GA,95400,89,2021
Dooly,GA,80200,34,2021
Dougherty,GA,107400,137,2021
Douglas,GA,182300,367,2021
Early,GA,118600,185,2021
Echols,GA,77800,27,2021
Effingham,GA,178800,362,2021
Elbert,GA,92000,76,2021
Emanuel,GA,77100,25,2021
Evans,GA,110700,150,2021
Fannin,GA,217600,412,2021
Fayette,GA,309300,474,2021
Floyd,GA,148400,278,2021
Forsyth,GA,385600,493,2021
Franklin,GA,130700,228,2021
Fulton,GA,345100,485,2021
Gilmer,GA,216600,410,2021
Glascock,GA,100200,106,2021
Glynn,GA,204900,396,2021
Gordon,GA,155600,301,2021
Grady,GA,129000,221,2021
Greene,GA,250700,444,2021
Gwinnett,GA,256700,448,2021
Habersham,GA,160300,315,2021
Hall,GA,233600,429,2021
Hancock,GA,83500,45,2021
Haralson,GA,153600,295,2021
Harris,GA,238200,432,2021
Hart,GA,157600,308,2021
Heard,GA,116200,174,2021
Henry,GA,202300,393,2021
Houston,GA,161200,319,2021
Irwin,GA,85300,51,2021
Jackson,GA,235100,429,2021
Jasper,GA,153800,296,2021
Jeff Davis,GA,89500,69,2021
Jefferson,GA,88800,65,2021
Jenkins,GA,76600,23,2021
Johnson,GA,76400,23,2021
Jones,GA,142700,264,2021
Lamar,GA,156800,305,2021
Lanier,GA,125800,213,2021
Laurens,GA,109500,146,2021
Lee,GA,178500,361,2021
Liberty,GA,138400,253,2021
Lincoln,GA,143900,267,2021
Long,GA,138000,252,2021
Lowndes,GA,154200,297,2021
Lumpkin,GA,216500,410,2021
McDuffie,GA,121900,198,2021
McIntosh,GA,153600,295,2021
Macon,GA,67400,10,2021
Madison,GA,156200,303,2021
Marion,GA,96400,93,2021
Meriwether,GA,112200,156,2021
Miller,GA,106100,131,2021
Mitchell,GA,88800,65,2021
Monroe,GA,178800,362,2021
Montgomery,GA,93500,81,2021
Morgan,GA,240300,435,2021
Murray,GA,130300,227,2021
Muscogee,GA,146000,272,2021
Newton,GA,167300,334,2021
Oconee,GA,329700,481,2021
Oglethorpe,GA,145700,272,2021
Paulding,GA,204700,396,2021
Peach,GA,147600,278,2021
Pickens,GA,220100,414,2021
Pierce,GA,103200,119,2021
Pike,GA,202200,392,2021
Polk,GA,132400,233,2021
Pulaski,GA,104900,127,2021
Putnam,GA,173700,352,2021
Quitman,GA,59600,4,2021
Rabun,GA,190800,380,2021
Randolph,GA,79300,31,2021
Richmond,GA,123400,203,2021
Rockdale,GA,174600,353,2021
Schley,GA,132400,233,2021
Screven,GA,99200,102,2021
Seminole,GA,94600,86,2021
Spalding,GA,149600,282,2021
Stephens,GA,127200,216,2021
Stewart,GA,48400,0,2021
Sumter,GA,116900,177,2021
Talbot,GA,99200,102,2021
Taliaferro,GA,65300,8,2021
Tattnall,GA,93600,82,2021
Taylor,GA,87300,59,2021
Telfair,GA,69100,12,2021
Terrell,GA,93300,80,2021
Thomas,GA,158900,311,2021
Tift,GA,131400,230,2021
Toombs,GA,102600,116,2021
Towns,GA,243000,438,2021
Treutlen,GA,75900,22,2021
Troup,GA,144900,270,2021
Turner,GA,76700,24,2021
Twiggs,GA,73100,17,2021
Union,GA,215800,409,2021
Upson,GA,115100,170,2021
Walker,GA,127500,217,2021
Walton,GA,231900,427,2021
Ware,GA,87700,61,2021
Warren,GA,70500,13,2021
Washington,GA,98400,99,2021
Wayne,GA,121700,197,2021
Webster,GA,73000,17,2021
Wheeler,GA,67600,11,2021
White,GA,198900,389,2021
Whitfield,GA,150700,286,2021
Wilcox,GA,63400,7,2021
Wilkes,GA,79800,33,2021
Wilkinson,GA,77000,25,2021
Worth,GA,94600,86,2021
Hawaii,HI,385900,493,2021
Honolulu,HI,726800,509,2021
Kauai,HI,632900,507,2021
Maui,HI,676800,508,2021
Ada,ID,342500,484,2021
Adams,ID,244800,439,2021
Bannock,ID,184600,371,2021
Bear Lake,ID,160200,315,2021
Benewah,ID,196800,387,2021
Bingham,ID,190600,379,2021
Blaine,ID,507400,503,2021
Boise,ID,278300,461,2021
Bonner,ID,308900,473,2021
Bonneville,ID,231100,426,2021
Boundary,ID,262300,451,2021
Butte,ID,162300,322,2021
Camas,ID,173200,350,2021
Canyon,ID,242000,436,2021
Caribou,ID,160800,318,2021
Cassia,ID,183900,370,2021
Clark,ID,119900,190,2021
Clearwater,ID,177700,360,2021
Custer,ID,221200,416,2021
Elmore,ID,177300,359,2021
Franklin,ID,232500,428,2021
Fremont,ID,208200,399,2021
Gem,ID,229000,424,2021
Gooding,ID,163400,325,2021
Idaho,ID,213000,406,2021
Jefferson,ID,245100,440,2021
Jerome,ID,207100,398,2021
Kootenai,ID,328700,480,2021
Latah,ID,261500,450,2021
Lemhi,ID,217900,412,2021
Lewis,ID,157000,305,2021
Lincoln,ID,156700,305,2021
Madison,ID,260600,449,2021
Minidoka,ID,170500,342,2021
Nez Perce,ID,221100,416,2021
Oneida,ID,192800,383,2021
Owyhee,ID,199000,390,2021
Payette,ID,201600,392,2021
Power,ID,160000,314,2021
Shoshone,ID,141800,261,2021
Teton,ID,385500,493,2021
Twin Falls,ID,206800,398,2021
Valley,ID,355600,487,2021
Washington,ID,171300,345,2021
Adams,IL,134500,241,2021
Alexander,IL,60800,4,2021
Bond,IL,119000,186,2021
Boone,IL,163200,324,2021
Brown,IL,106200,131,2021
Bureau,IL,108700,142,2021
Calhoun,IL,149200,281,2021
Carroll,IL,100700,108,2021
Cass,IL,83400,44,2021
Champaign,IL,170600,343,2021
Christian,IL,96100,92,2021
Clark,IL,102200,114,2021
Clay,IL,93700,83,2021
Clinton,IL,152900,292,2021
Coles,IL,103200,119,2021
Cook,IL,266800,454,2021
Crawford,IL,96400,93,2021
Cumberland,IL,107900,139,2021
DeKalb,IL,190600,379,2021
De Witt,IL,109800,147,2021
Douglas,IL,119800,190,2021
DuPage,IL,324900,478,2021
Edgar,IL,83600,45,2021
Edwards,IL,84800,49,2021
Effingham,IL,158000,309,2021
Fayette,IL,95600,90,2021
Ford,IL,101200,109,2021
Franklin,IL,79200,31,2021
Fulton,IL,90800,72,2021
Gallatin,IL,76600,23,2021
Greene,IL,84200,47,2021
Grundy,IL,212300,406,2021
Hamilton,IL,93700,83,2021
Hancock,IL,93300,80,2021
Hardin,IL,77700,27,2021
Henderson,IL,88100,62,2021
Henry,IL,125500,212,2021
Iroquois,IL,111700,154,2021
Jackson,IL,112700,159,2021
Jasper,IL,100400,107,2021
Jefferson,IL,102200,114,2021
Jersey,IL,146900,276,2021
Jo Daviess,IL,159300,312,2021
Johnson,IL,122300,199,2021
Kane,IL,255900,447,2021
Kankakee,IL,158100,309,2021
Kendall,IL,255400,446,2021
Knox,IL,86300,56,2021
Lake,IL,279500,461,2021
LaSalle,IL,133200,236,2021
Lawrence,IL,81500,37,2021
Lee,IL,127700,218,2021
Livingston,IL,114900,169,2021
Logan,IL,111500,153,2021
McDonough,IL,89000,66,2021
McHenry,IL,241500,436,2021
McLean,IL,170100,342,2021
Macon,IL,105900,130,2021
Macoupin,IL,103800,122,2021
Madison,IL,142100,262,2021
Marion,IL,83700,46,2021
Marshall,IL,111300,152,2021
Mason,IL,86200,56,2021
Massac,IL,94000,83,2021
Menard,IL,154300,297,2021
Mercer,IL,116300,174,2021
Monroe,IL,226300,420,2021
Montgomery,IL,92300,77,2021
Morgan,IL,110000,147,2021
Moultrie,IL,108100,140,2021
Ogle,IL,156200,303,2021
Peoria,IL,133000,236,2021
Perry,IL,85800,53,2021
Piatt,IL,152000,290,2021
Pike,IL,88600,64,2021
Pope,IL,114400,166,2021
Pulaski,IL,65500,8,2021
Putnam,IL,138600,254,2021
Randolph,IL,114400,166,2021
Richland,IL,90000,71,2021
Rock Island,IL,125200,211,2021
St. Clair,IL,140600,258,2021
Saline,IL,81000,37,2021
Sangamon,IL,147600,278,2021
Schuyler,IL,101600,111,2021
Scott,IL,91500,74,2021
Shelby,IL,106800,135,2021
Stark,IL,86900,58,2021
Stephenson,IL,103900,122,2021
Tazewell,IL,145500,271,2021
Union,IL,109500,146,2021
Vermilion,IL,81700,38,2021
Wabash,IL,83300,44,2021
Warren,IL,87400,60,2021
Washington,IL,123500,204,2021
Wayne,IL,94100,84,2021
White,IL,83100,43,2021
Whiteside,IL,109600,146,2021
Will,IL,249400,443,2021
Williamson,IL,125800,213,2021
Winnebago,IL,125900,213,2021
Woodford,IL,172000,347,2021
Adams,IN,145000,270,2021
Allen,IN,149000,280,2021
Bartholomew,IN,172900,350,2021
Benton,IN,107000,136,2021
Blackford,IN,80800,36,2021
Boone,IN,270600,457,2021
Brown,IN,205200,396,2021
Carroll,IN,138300,253,2021
Cass,IN,95600,90,2021
Clark,IN,162800,323,2021
Clay,IN,108900,144,2021
Clinton,IN,126400,214,2021
Crawford,IN,95600,90,2021
Daviess,IN,156000,302,2021
Dearborn,IN,179100,362,2021
Decatur,IN,148600,279,2021
DeKalb,IN,135200,243,2021
Delaware,IN,103300,119,2021
Dubois,IN,168800,338,2021
Elkhart,IN,159000,311,2021
Fayette,IN,88400,64,2021
Floyd,IN,187900,375,2021
Fountain,IN,111400,153,2021
Franklin,IN,172200,348,2021
Fulton,IN,120300,192,2021
Gibson,IN,136000,246,2021
Grant,IN,99300,103,2021
Greene,IN,106600,134,2021
Hamilton,IN,302400,470,2021
Hancock,IN,195300,386,2021
Harrison,IN,169400,340,2021
Hendricks,IN,220800,415,2021
Henry,IN,108800,142,2021
Howard,IN,116600,176,2021
Huntington,IN,113300,161,2021
Jackson,IN,137900,251,2021
Jasper,IN,164700,329,2021
Jay,IN,96100,92,2021
Jefferson,IN,148900,280,2021
Jennings,IN,116300,174,2021
Johnson,IN,196200,387,2021
Knox,IN,106800,135,2021
Kosciusko,IN,160500,316,2021
LaGrange,IN,208600,400,2021
Lake,IN,167800,335,2021
LaPorte,IN,145600,271,2021
Lawrence,IN,124500,208,2021
Madison,IN,111600,154,2021
Marion,IN,156000,302,2021
Marshall,IN,150200,284,2021
Martin,IN,130000,226,2021
Miami,IN,97900,97,2021
Monroe,IN,202400,393,2021
Montgomery,IN,136800,248,2021
Morgan,IN,172800,349,2021
Newton,IN,124100,206,2021
Noble,IN,144000,267,2021
Ohio,IN,166700,333,2021
Orange,IN,108000,139,2021
Owen,IN,134500,241,2021
Parke,IN,103400,119,2021
Perry,IN,118500,185,2021
Pike,IN,110600,150,2021
Porter,IN,210100,402,2021
Posey,IN,165200,330,2021
Pulaski,IN,114400,166,2021
Putnam,IN,154500,298,2021
Randolph,IN,87500,60,2021
Ripley,IN,162700,323,2021
Rush,IN,124800,209,2021
St. Joseph,IN,142300,262,2021
Scott,IN,117100,179,2021
Shelby,IN,143300,265,2021
Spencer,IN,144100,268,2021
Starke,IN,118600,185,2021
Steuben,IN,162800,323,2021
Sullivan,IN,94100,84,2021
Switzerland,IN,129500,222,2021
Tippecanoe,IN,169500,341,2021
Tipton,IN,133400,237,2021
Union,IN,125200,211,2021
Vanderburgh,IN,142600,263,2021
Vermillion,IN,88600,64,2021
Vigo,IN,114000,164,2021
Wabash,IN,117700,181,2021
Warren,IN,121900,198,2021
Warrick,IN,181200,364,2021
Washington,IN,131400,230,2021
Wayne,IN,105500,129,2021
Wells,IN,140200,257,2021
White,IN,128100,219,2021
Whitley,IN,163800,326,2021
Adair,IA,112200,156,2021
Adams,IA,88800,65,2021
Allamakee,IA,142600,263,2021
Appanoose,IA,91800,75,2021
Audubon,IA,88700,65,2021
Benton,IA,166100,332,2021
Black Hawk,IA,155400,301,2021
Boone,IA,151400,288,2021
Bremer,IA,173600,352,2021
Buchanan,IA,146900,276,2021
Buena Vista,IA,126300,214,2021
Butler,IA,127700,218,2021
Calhoun,IA,88900,66,2021
Carroll,IA,143700,266,2021
Cass,IA,112900,160,2021
Cedar,IA,167500,334,2021
Cerro Gordo,IA,133400,237,2021
Cherokee,IA,120800,194,2021
Chickasaw,IA,132900,235,2021
Clarke,IA,125300,211,2021
Clay,IA,134000,239,2021
Clayton,IA,136000,246,2021
Clinton,IA,128900,221,2021
Crawford,IA,101200,109,2021
Dallas,IA,273800,458,2021
Davis,IA,124500,208,2021
Decatur,IA,87900,62,2021
Delaware,IA,146400,273,2021
Des Moines,IA,119800,190,2021
Dickinson,IA,211700,404,2021
Dubuque,IA,183700,369,2021
Emmet,IA,91000,73,2021
Fayette,IA,109200,145,2021
Floyd,IA,108400,141,2021
Franklin,IA,94200,85,2021
Fremont,IA,117500,180,2021
Greene,IA,99300,103,2021
Grundy,IA,148300,278,2021
Guthrie,IA,138000,252,2021
Hamilton,IA,105600,129,2021
Hancock,IA,99600,104,2021
Hardin,IA,97200,95,2021
Harrison,IA,127800,218,2021
Henry,IA,126400,214,2021
Howard,IA,113800,163,2021
Humboldt,IA,113800,163,2021
Ida,IA,95000,88,2021
Iowa,IA,155900,302,2021
Jackson,IA,138600,254,2021
Jasper,IA,142500,263,2021
Jefferson,IA,119500,188,2021
Johnson,IA,248100,441,2021
Jones,IA,146400,273,2021
Keokuk,IA,97700,96,2021
Kossuth,IA,112900,160,2021
Lee,IA,102800,117,2021
Linn,IA,167000,334,2021
Louisa,IA,117600,181,2021
Lucas,IA,95600,90,2021
Lyon,IA,167900,335,2021
Madison,IA,193700,384,2021
Mahaska,IA,118600,185,2021
Marion,IA,163500,325,2021
Marshall,IA,106900,135,2021
Mills,IA,190300,378,2021
Mitchell,IA,124600,208,2021
Monona,IA,99300,103,2021
Monroe,IA,115000,169,2021
Montgomery,IA,88200,63,2021
Muscatine,IA,144100,268,2021
O'Brien,IA,122900,201,2021
Osceola,IA,104400,124,2021
Page,IA,96200,92,2021
Palo Alto,IA,110800,150,2021
Plymouth,IA,176800,358,2021
Pocahontas,IA,83900,46,2021
Polk,IA,201300,392,2021
Pottawattamie,IA,149500,281,2021
Poweshiek,IA,153400,294,2021
Ringgold,IA,111300,152,2021
Sac,IA,104100,123,2021
Scott,IA,172100,347,2021
Shelby,IA,137900,251,2021
Sioux,IA,194700,385,2021
Story,IA,205300,397,2021
Tama,IA,117800,182,2021
Taylor,IA,89000,66,2021
Union,IA,109200,145,2021
Van Buren,IA,97500,95,2021
Wapello,IA,89600,70,2021
Warren,IA,210800,403,2021
Washington,IA,159200,312,2021
Wayne,IA,83500,45,2021
Webster,IA,110900,151,2021
Winnebago,IA,104000,122,2021
Winneshiek,IA,196100,387,2021
Woodbury,IA,139600,256,2021
Worth,IA,112500,158,2021
Wright,IA,90900,73,2021
Allen,KS,83600,45,2021
Anderson,KS,117600,181,2021
Atchison,KS,112400,157,2021
Barber,KS,76000,22,2021
Barton,KS,99700,105,2021
Bourbon,KS,87200,59,2021
Brown,KS,92300,77,2021
Butler,KS,161000,318,2021
Chase,KS,108900,144,2021
Chautauqua,KS,55400,2,2021
Cherokee,KS,83300,44,2021
Cheyenne,KS,91200,73,2021
Clark,KS,74900,19,2021
Clay,KS,113500,162,2021
Cloud,KS,82000,39,2021
Coffey,KS,120700,193,2021
Comanche,KS,65000,7,2021
Cowley,KS,91700,75,2021
Crawford,KS,98700,101,2021
Decatur,KS,66100,9,2021
Dickinson,KS,118400,184,2021
Doniphan,KS,103200,119,2021
Douglas,KS,224200,418,2021
Edwards,KS,62500,6,2021
Elk,KS,57400,2,2021
Ellis,KS,172500,349,2021
Ellsworth,KS,98500,100,2021
Finney,KS,162000,320,2021
Ford,KS,108900,144,2021
Franklin,KS,152600,291,2021
Geary,KS,144100,268,2021
Gove,KS,103800,122,2021
Graham,KS,80600,36,2021
Grant,KS,139500,256,2021
Gray,KS,153000,293,2021
Greeley,KS,98300,98,2021
Greenwood,KS,67600,11,2021
Hamilton,KS,91500,74,2021
Harper,KS,71700,15,2021
Harvey,KS,132700,235,2021
Haskell,KS,111300,152,2021
Hodgeman,KS,76800,24,2021
Jackson,KS,152800,292,2021
Jefferson,KS,169900,341,2021
Jewell,KS,60100,4,2021
Johnson,KS,294300,468,2021
Kearny,KS,120000,191,2021
Kingman,KS,94000,83,2021
Kiowa,KS,111200,152,2021
Labette,KS,80100,34,2021
Lane,KS,74300,19,2021
Leavenworth,KS,207500,399,2021
Lincoln,KS,82500,40,2021
Linn,KS,130600,227,2021
Logan,KS,109700,146,2021
Lyon,KS,119800,190,2021
McPherson,KS,164400,328,2021
Marion,KS,103800,122,2021
Marshall,KS,101500,110,2021
Meade,KS,122600,200,2021
Miami,KS,223500,418,2021
Mitchell,KS,93300,80,2021
Montgomery,KS,81600,37,2021
Morris,KS,91900,76,2021
Morton,KS,79400,32,2021
Nemaha,KS,157100,306,2021
Neosho,KS,86900,58,2021
Ness,KS,70000,13,2021
Norton,KS,82800,42,2021
Osage,KS,130600,227,2021
Osborne,KS,64600,7,2021
Ottawa,KS,140000,257,2021
Pawnee,KS,84100,47,2021
Phillips,KS,83500,45,2021
Pottawatomie,KS,188500,376,2021
Pratt,KS,103400,119,2021
Rawlins,KS,97900,97,2021
Reno,KS,106500,133,2021
Republic,KS,62400,6,2021
Rice,KS,80100,34,2021
Riley,KS,211500,404,2021
Rooks,KS,76900,24,2021
Rush,KS,71400,14,2021
Russell,KS,106200,131,2021
Saline,KS,145100,270,2021
Scott,KS,162200,321,2021
Sedgwick,KS,153600,295,2021
Seward,KS,109400,145,2021
Shawnee,KS,140100,257,2021
Sheridan,KS,121100,195,2021
Sherman,KS,123500,204,2021
Smith,KS,68700,11,2021
Stafford,KS,82200,39,2021
Stanton,KS,65300,8,2021
Stevens,KS,110400,148,2021
Sumner,KS,99400,104,2021
Thomas,KS,142000,261,2021
Trego,KS,106700,134,2021
Wabaunsee,KS,152800,292,2021
Wallace,KS,86200,56,2021
Washington,KS,87200,59,2021
Wichita,KS,86400,57,2021
Wilson,KS,82600,41,2021
Woodson,KS,72400,16,2021
Wyandotte,KS,116500,175,2021
Adair,KY,110600,150,2021
Allen,KY,132900,235,2021
Anderson,KY,169400,340,2021
Ballard,KY,89400,68,2021
Barren,KY,135100,243,2021
Bath,KY,87600,61,2021
Bell,KY,67800,11,2021
Boone,KY,205100,396,2021
Bourbon,KY,162000,320,2021
Boyd,KY,112000,155,2021
Boyle,KY,154900,299,2021
Bracken,KY,99600,104,2021
Breathitt,KY,52700,1,2021
Breckinridge,KY,106700,134,2021
Bullitt,KY,182000,366,2021
Butler,KY,93300,80,2021
Caldwell,KY,93600,82,2021
Calloway,KY,148100,278,2021
Campbell,KY,184700,371,2021
Carlisle,KY,81000,37,2021
Carroll,KY,108900,144,2021
Carter,KY,106500,133,2021
Casey,KY,110700,150,2021
Christian,KY,124500,208,2021
Clark,KY,158300,309,2021
Clay,KY,67500,10,2021
Clinton,KY,78200,28,2021
Crittenden,KY,97000,95,2021
Cumberland,KY,108400,141,2021
Daviess,KY,150600,285,2021
Edmonson,KY,94000,83,2021
Elliott,KY,75800,21,2021
Estill,KY,83100,43,2021
Fayette,KY,216800,410,2021
Fleming,KY,95600,90,2021
Floyd,KY,79100,31,2021
Franklin,KY,155000,300,2021
Fulton,KY,66800,9,2021
Gallatin,KY,138700,254,2021
Garrard,KY,156000,302,2021
Grant,KY,148700,279,2021
Graves,KY,115900,173,2021
Grayson,KY,121000,194,2021
Green,KY,84500,48,2021
Greenup,KY,120800,194,2021
Hancock,KY,112600,158,2021
Hardin,KY,160600,317,2021
Harlan,KY,65000,7,2021
Harrison,KY,153400,294,2021
Hart,KY,98400,99,2021
Henderson,KY,136100,246,2021
Henry,KY,140700,259,2021
Hickman,KY,85600,53,2021
Hopkins,KY,112900,160,2021
Jackson,KY,80400,35,2021
Jefferson,KY,190700,380,2021
Jessamine,KY,192800,383,2021
Johnson,KY,118400,184,2021
Kenton,KY,176000,356,2021
Knott,KY,57900,3,2021
Knox,KY,95400,89,2021
Larue,KY,134600,242,2021
Laurel,KY,116800,177,2021
Lawrence,KY,91900,76,2021
Lee,KY,73900,18,2021
Leslie,KY,70800,14,2021
Letcher,KY,61300,5,2021
Lewis,KY,77400,26,2021
Lincoln,KY,114600,167,2021
Livingston,KY,96100,92,2021
Logan,KY,110500,149,2021
Lyon,KY,149600,282,2021
McCracken,KY,151500,288,2021
McCreary,KY,80300,35,2021
McLean,KY,119100,186,2021
Madison,KY,172000,347,2021
Magoffin,KY,77900,27,2021
Marion,KY,122600,200,2021
Marshall,KY,135500,244,2021
Martin,KY,67600,11,2021
Mason,KY,144300,268,2021
Meade,KY,164100,327,2021
Menifee,KY,84000,47,2021
Mercer,KY,159300,312,2021
Metcalfe,KY,81700,38,2021
Monroe,KY,104900,127,2021
Montgomery,KY,132800,235,2021
Morgan,KY,76300,22,2021
Muhlenberg,KY,99800,105,2021
Nelson,KY,169500,341,2021
Nicholas,KY,87600,61,2021
Ohio,KY,94800,87,2021
Oldham,KY,314300,475,2021
Owen,KY,124100,206,2021
Owsley,KY,69600,12,2021
Pendleton,KY,134800,242,2021
Perry,KY,77500,26,2021
Pike,KY,86200,56,2021
Powell,KY,103800,122,2021
Pulaski,KY,120500,192,2021
Robertson,KY,95000,88,2021
Rockcastle,KY,91000,73,2021
Rowan,KY,137700,250,2021
Russell,KY,112700,159,2021
Scott,KY,208800,400,2021
Shelby,KY,212500,406,2021
Simpson,KY,153200,293,2021
Spencer,KY,243400,438,2021
Taylor,KY,126400,214,2021
Todd,KY,118200,183,2021
Trigg,KY,160400,316,2021
Trimble,KY,132500,234,2021
Union,KY,90700,72,2021
Warren,KY,189800,377,2021
Washington,KY,134300,240,2021
Wayne,KY,99100,102,2021
Webster,KY,75600,20,2021
Whitley,KY,110700,150,2021
Wolfe,KY,60900,5,2021
Woodford,KY,225600,420,2021
Acadia,LA,129600,224,2021
Allen,LA,112300,157,2021
Ascension,LA,228000,422,2021
Assumption,LA,115800,173,2021
Avoyelles,LA,105700,130,2021
Beauregard,LA,139600,256,2021
Bienville,LA,72300,16,2021
Bossier,LA,179100,362,2021
Caddo,LA,152800,292,2021
Calcasieu,LA,171900,347,2021
Caldwell,LA,84100,47,2021
Cameron,LA,152500,291,2021
Catahoula,LA,87100,58,2021
Claiborne,LA,73300,17,2021
Concordia,LA,88300,63,2021
De Soto,LA,127900,219,2021
East Baton Rouge,LA,206500,397,2021
East Carroll,LA,74300,19,2021
East Feliciana,LA,165700,331,2021
Evangeline,LA,96800,94,2021
Franklin,LA,87500,60,2021
Grant,LA,121400,196,2021
Iberia,LA,133500,237,2021
Iberville,LA,150600,285,2021
Jackson,LA,92700,78,2021
Jefferson,LA,201800,392,2021
Jefferson Davis,LA,132500,234,2021
Lafayette,LA,195300,386,2021
Lafourche,LA,162100,321,2021
LaSalle,LA,104900,127,2021
Lincoln,LA,159600,313,2021
Livingston,LA,183000,368,2021
Madison,LA,82100,39,2021
Morehouse,LA,89200,67,2021
Natchitoches,LA,152500,291,2021
Orleans,LA,255500,447,2021
Ouachita,LA,156700,305,2021
Plaquemines,LA,212200,405,2021
Pointe Coupee,LA,150000,283,2021
Rapides,LA,153600,295,2021
Red River,LA,78900,30,2021
Richland,LA,108000,139,2021
Sabine,LA,98600,101,2021
St. Bernard,LA,159100,311,2021
St. Charles,LA,217800,412,2021
St. Helena,LA,83700,46,2021
St. James,LA,167700,335,2021
St. John the Baptist,LA,157900,308,2021
St. Landry,LA,124900,210,2021
St. Martin,LA,125200,211,2021
St. Mary,LA,110200,148,2021
St. Tammany,LA,232700,428,2021
Tangipahoa,LA,170600,343,2021
Tensas,LA,84200,47,2021
Terrebonne,LA,160600,317,2021
Union,LA,94200,85,2021
Vermilion,LA,135500,244,2021
Vernon,LA,125600,212,2021
Washington,LA,113700,162,2021
Webster,LA,86700,57,2021
West Baton Rouge,LA,193800,384,2021
West Carroll,LA,87000,58,2021
West Feliciana,LA,215300,409,2021
Winn,LA,90900,73,2021
Androscoggin,ME,175100,355,2021
Aroostook,ME,108900,144,2021
Cumberland,ME,314700,475,2021
Franklin,ME,153500,294,2021
Hancock,ME,228700,423,2021
Kennebec,ME,170100,342,2021
Knox,ME,224400,419,2021
Lincoln,ME,233300,429,2021
Oxford,ME,157600,308,2021
Penobscot,ME,157100,306,2021
Piscataquis,ME,119800,190,2021
Sagadahoc,ME,237500,431,2021
Somerset,ME,124200,206,2021
Waldo,ME,183800,370,2021
Washington,ME,118300,184,2021
York,ME,278900,461,2021
Allegany,MD,131500,230,2021
Anne Arundel,MD,380600,492,2021
Baltimore,MD,277500,460,2021
Calvert,MD,374200,491,2021
Caroline,MD,225200,420,2021
Carroll,MD,353500,487,2021
Cecil,MD,264500,453,2021
Charles,MD,339000,483,2021
Dorchester,MD,190200,378,2021
Frederick,MD,356500,488,2021
Garrett,MD,197600,389,2021
Harford,MD,315200,476,2021
Howard,MD,483200,502,2021
Kent,MD,266900,455,2021
Montgomery,MD,508600,503,2021
Prince George's,MD,337800,482,2021
Queen Anne's,MD,374100,490,2021
St. Mary's,MD,326800,479,2021
Somerset,MD,143600,265,2021
Talbot,MD,337200,482,2021
Washington,MD,229800,425,2021
Wicomico,MD,191400,381,2021
Worcester,MD,279200,461,2021
Baltimore City,MD,175300,356,2021
Barnstable,MA,445500,499,2021
Berkshire,MA,232900,429,2021
Bristol,MA,339900,483,2021
Dukes,MA,857600,510,2021
Essex,MA,462900,501,2021
Franklin,MA,248500,442,2021
Hampden,MA,228700,423,2021
Hampshire,MA,299600,469,2021
Middlesex,MA,575500,505,2021
Nantucket,MA,1082900,511,2021
Norfolk,MA,529200,504,2021
Plymouth,MA,409600,496,2021
Suffolk,MA,576300,505,2021
Worcester,MA,314900,475,2021
Alcona,MI,124700,209,2021
Alger,MI,143700,266,2021
Allegan,MI,189700,377,2021
Alpena,MI,111200,152,2021
Antrim,MI,168600,337,2021
Arenac,MI,104100,123,2021
Baraga,MI,107100,136,2021
Barry,MI,187100,374,2021
Bay,MI,110100,148,2021
Benzie,MI,211400,404,2021
Berrien,MI,165000,329,2021
Branch,MI,121400,196,2021
Calhoun,MI,119400,188,2021
Cass,MI,161800,319,2021
Charlevoix,MI,188800,377,2021
Cheboygan,MI,145600,271,2021
Chippewa,MI,123300,203,2021
Clare,MI,95000,88,2021
Clinton,MI,197400,388,2021
Crawford,MI,116700,176,2021
Delta,MI,122000,198,2021
Dickinson,MI,113200,161,2021
Eaton,MI,169600,341,2021
Emmet,MI,217800,412,2021
Genesee,MI,133700,238,2021
Gladwin,MI,119100,186,2021
Gogebic,MI,76400,23,2021
Grand Traverse,MI,237200,431,2021
Gratiot,MI,105700,130,2021
Hillsdale,MI,141600,261,2021
Houghton,MI,115300,170,2021
Huron,MI,114100,164,2021
Ingham,MI,153200,293,2021
Ionia,MI,147600,278,2021
Iosco,MI,100200,106,2021
Iron,MI,84000,47,2021
Isabella,MI,140700,259,2021
Jackson,MI,148500,279,2021
Kalamazoo,MI,178100,360,2021
Kalkaska,MI,136000,246,2021
Kent,MI,206600,397,2021
Keweenaw,MI,124000,205,2021
Lake,MI,98300,98,2021
Lapeer,MI,186700,374,2021
Leelanau,MI,303200,471,2021
Lenawee,MI,150700,286,2021
Livingston,MI,272800,457,2021
Luce,MI,88500,64,2021
Mackinac,MI,139200,255,2021
Macomb,MI,184600,371,2021
Manistee,MI,141300,260,2021
Marquette,MI,162100,321,2021
Mason,MI,159900,313,2021
Mecosta,MI,131400,230,2021
Menominee,MI,115900,173,2021
Midland,MI,153700,295,2021
Missaukee,MI,127900,219,2021
Monroe,MI,174500,353,2021
Montcalm,MI,128800,221,2021
Montmorency,MI,113000,160,2021
Muskegon,MI,138700,254,2021
Newaygo,MI,140500,258,2021
Oakland,MI,268600,455,2021
Oceana,MI,131800,232,2021
Ogemaw,MI,107400,137,2021
Ontonagon,MI,76700,24,2021
Osceola,MI,109200,145,2021
Oscoda,MI,104900,127,2021
Otsego,MI,155500,301,2021
Ottawa,MI,228400,423,2021
Presque Isle,MI,113800,163,2021
Roscommon,MI,118400,184,2021
Saginaw,MI,114400,166,2021
St. Clair,MI,170200,342,2021
St. Joseph,MI,134600,242,2021
Sanilac,MI,130900,228,2021
Schoolcraft,MI,123900,205,2021
Shiawassee,MI,134300,240,2021
Tuscola,MI,112400,157,2021
Van Buren,MI,155500,301,2021
Washtenaw,MI,293800,467,2021
Wayne,MI,136200,247,2021
Wexford,MI,123600,204,2021
Aitkin,MN,195700,386,2021
Anoka,MN,261300,450,2021
Becker,MN,220600,415,2021
Beltrami,MN,176500,358,2021
Benton,MN,199500,390,2021
Big Stone,MN,106400,132,2021
Blue Earth,MN,203200,394,2021
Brown,MN,146700,275,2021
Carlton,MN,187200,375,2021
Carver,MN,353300,486,2021
Cass,MN,210100,402,2021
Chippewa,MN,121900,198,2021
Chisago,MN,262700,451,2021
Clay,MN,215100,408,2021
Clearwater,MN,150600,285,2021
Cook,MN,261600,450,2021
Cottonwood,MN,117100,179,2021
Crow Wing,MN,215400,409,2021
Dakota,MN,294700,468,2021
Dodge,MN,216900,410,2021
Douglas,MN,250400,443,2021
Faribault,MN,97700,96,2021
Fillmore,MN,167000,334,2021
Freeborn,MN,132100,232,2021
Goodhue,MN,224100,418,2021
Grant,MN,146600,274,2021
Hennepin,MN,309200,474,2021
Houston,MN,185900,373,2021
Hubbard,MN,219300,413,2021
Isanti,MN,228500,423,2021
Itasca,MN,171100,344,2021
Jackson,MN,123700,204,2021
Kanabec,MN,175100,355,2021
Kandiyohi,MN,188600,376,2021
Kittson,MN,110600,150,2021
Koochiching,MN,115700,172,2021
Lac qui Parle,MN,107000,136,2021
Lake,MN,183200,369,2021
Lake of the Woods,MN,180800,364,2021
Le Sueur,MN,239300,434,2021
Lincoln,MN,116800,177,2021
Lyon,MN,160300,315,2021
McLeod,MN,184500,371,2021
Mahnomen,MN,115200,170,2021
Marshall,MN,125500,212,2021
Martin,MN,129600,224,2021
Meeker,MN,186400,373,2021
Mille Lacs,MN,185800,373,2021
Morrison,MN,191400,381,2021
Mower,MN,137100,249,2021
Murray,MN,150800,286,2021
Nicollet,MN,216200,410,2021
Nobles,MN,140700,259,2021
Norman,MN,107400,137,2021
Olmsted,MN,249400,443,2021
Otter Tail,MN,209100,401,2021
Pennington,MN,162100,321,2021
Pine,MN,177300,359,2021
Pipestone,MN,112300,157,2021
Polk,MN,181500,365,2021
Pope,MN,195900,387,2021
Ramsey,MN,254900,446,2021
Red Lake,MN,124400,207,2021
Redwood,MN,119700,189,2021
Renville,MN,114900,169,2021
Rice,MN,240400,435,2021
Rock,MN,165900,332,2021
Roseau,MN,149000,280,2021
St. Louis,MN,166900,333,2021
Scott,MN,332900,482,2021
Sherburne,MN,264500,453,2021
Sibley,MN,172500,349,2021
Stearns,MN,205500,397,2021
Steele,MN,185200,372,2021
Stevens,MN,160800,318,2021
Swift,MN,114500,166,2021
Todd,MN,156600,304,2021
Traverse,MN,92700,78,2021
Wabasha,MN,201300,392,2021
Wadena,MN,143200,265,2021
Waseca,MN,165500,331,2021
Washington,MN,326600,479,2021
Watonwan,MN,106200,131,2021
Wilkin,MN,154400,298,2021
Winona,MN,180200,363,2021
Wright,MN,265500,454,2021
Yellow Medicine,MN,124400,207,2021
Adams,MS,92600,78,2021
Alcorn,MS,114500,166,2021
Amite,MS,86200,56,2021
Attala,MS,89000,66,2021
Benton,MS,82500,40,2021
Bolivar,MS,102200,114,2021
Calhoun,MS,71100,14,2021
Carroll,MS,100600,108,2021
Chickasaw,MS,74000,18,2021
Choctaw,MS,83800,46,2021
Claiborne,MS,71600,15,2021
Clarke,MS,85200,50,2021
Clay,MS,100600,108,2021
Coahoma,MS,74800,19,2021
Copiah,MS,85000,50,2021
Covington,MS,77100,25,2021
DeSoto,MS,193400,384,2021
Forrest,MS,129600,224,2021
Franklin,MS,85300,51,2021
George,MS,135400,244,2021
Greene,MS,85500,52,2021
Grenada,MS,106500,133,2021
Hancock,MS,168500,337,2021
Harrison,MS,162400,322,2021
Hinds,MS,129300,222,2021
Holmes,MS,60800,4,2021
Humphreys,MS,71500,15,2021
Issaquena,MS,77200,25,2021
Itawamba,MS,99400,104,2021
Jackson,MS,146500,274,2021
Jasper,MS,89700,70,2021
Jefferson,MS,64800,7,2021
Jefferson Davis,MS,85600,53,2021
Jones,MS,102900,118,2021
Kemper,MS,78100,28,2021
Lafayette,MS,221100,416,2021
Lamar,MS,184000,370,2021
Lauderdale,MS,110200,148,2021
Lawrence,MS,100400,107,2021
Leake,MS,84400,48,2021
Lee,MS,150100,283,2021
Leflore,MS,85300,51,2021
Lincoln,MS,102500,116,2021
Lowndes,MS,142200,262,2021
Madison,MS,236000,431,2021
Marion,MS,94000,83,2021
Marshall,MS,122800,201,2021
Monroe,MS,102000,112,2021
Montgomery,MS,90000,71,2021
Neshoba,MS,86400,57,2021
Newton,MS,86900,58,2021
Noxubee,MS,72400,16,2021
Oktibbeha,MS,171500,346,2021
Panola,MS,90800,72,2021
Pearl River,MS,144100,268,2021
Perry,MS,110600,150,2021
Pike,MS,98600,101,2021
Pontotoc,MS,116700,176,2021
Prentiss,MS,98400,99,2021
Quitman,MS,56300,2,2021
Rankin,MS,174600,353,2021
Scott,MS,77300,25,2021
Sharkey,MS,73800,18,2021
Simpson,MS,87100,58,2021
Smith,MS,111100,151,2021
Stone,MS,150500,285,2021
Sunflower,MS,93700,83,2021
Tallahatchie,MS,69500,12,2021
Tate,MS,148300,278,2021
Tippah,MS,106400,132,2021
Tishomingo,MS,105400,128,2021
Tunica,MS,110900,151,2021
Union,MS,119400,188,2021
Walthall,MS,102600,116,2021
Warren,MS,134600,242,2021
Washington,MS,80500,35,2021
Wayne,MS,79500,32,2021
Webster,MS,88300,63,2021
Wilkinson,MS,69200,12,2021
Winston,MS,101600,111,2021
Yalobusha,MS,83900,46,2021
Yazoo,MS,109100,144,2021
Adair,MO,127700,218,2021
Andrew,MO,156200,303,2021
Atchison,MO,87400,60,2021
Audrain,MO,96000,91,2021
Barry,MO,145500,271,2021
Barton,MO,99700,105,2021
Bates,MO,128600,220,2021
Benton,MO,131100,228,2021
Bollinger,MO,116500,175,2021
Boone,MO,204000,395,2021
Buchanan,MO,130000,226,2021
Butler,MO,117000,178,2021
Caldwell,MO,114600,167,2021
Callaway,MO,162500,322,2021
Camden,MO,221400,416,2021
Cape Girardeau,MO,167100,334,2021
Carroll,MO,93200,79,2021
Carter,MO,146800,275,2021
Cass,MO,212000,405,2021
Cedar,MO,126500,215,2021
Chariton,MO,108000,139,2021
Christian,MO,195100,385,2021
Clark,MO,102100,113,2021
Clay,MO,199600,390,2021
Clinton,MO,164200,327,2021
Cole,MO,174700,354,2021
Cooper,MO,151500,288,2021
Crawford,MO,136000,246,2021
Dade,MO,109800,147,2021
Dallas,MO,136700,248,2021
Daviess,MO,112700,159,2021
DeKalb,MO,138100,253,2021
Dent,MO,109600,146,2021
Douglas,MO,129200,222,2021
Dunklin,MO,82000,39,2021
Franklin,MO,176400,357,2021
Gasconade,MO,138000,252,2021
Gentry,MO,104400,124,2021
Greene,MO,159500,312,2021
Grundy,MO,93700,83,2021
Harrison,MO,82500,40,2021
Henry,MO,124200,206,2021
Hickory,MO,88900,66,2021
Holt,MO,98600,101,2021
Howard,MO,142400,263,2021
Howell,MO,120800,194,2021
Iron,MO,93200,79,2021
Jackson,MO,167900,335,2021
Jasper,MO,129600,224,2021
Jefferson,MO,175000,354,2021
Johnson,MO,173400,351,2021
Knox,MO,79400,32,2021
Laclede,MO,121400,196,2021
Lafayette,MO,159500,312,2021
Lawrence,MO,121600,196,2021
Lewis,MO,94200,85,2021
Lincoln,MO,172200,348,2021
Linn,MO,91300,74,2021
Livingston,MO,120800,194,2021
McDonald,MO,105400,128,2021
Macon,MO,105200,127,2021
Madison,MO,118700,185,2021
Maries,MO,158600,310,2021
Marion,MO,131700,231,2021
Mercer,MO,82700,41,2021
Miller,MO,141200,259,2021
Mississippi,MO,82600,41,2021
Moniteau,MO,149100,281,2021
Monroe,MO,123300,203,2021
Montgomery,MO,147000,276,2021
Morgan,MO,156400,304,2021
New Madrid,MO,85200,50,2021
Newton,MO,137700,250,2021
Nodaway,MO,133100,236,2021
Oregon,MO,101800,111,2021
Osage,MO,166300,332,2021
Ozark,MO,121800,197,2021
Pemiscot,MO,84500,48,2021
Perry,MO,158000,309,2021
Pettis,MO,133900,239,2021
Phelps,MO,154400,298,2021
Pike,MO,102400,115,2021
Platte,MO,251100,444,2021
Polk,MO,146300,273,2021
Pulaski,MO,160000,314,2021
Putnam,MO,84800,49,2021
Ralls,MO,133600,238,2021
Randolph,MO,120000,191,2021
Ray,MO,151300,287,2021
Reynolds,MO,98100,98,2021
Ripley,MO,94500,86,2021
St. Charles,MO,242700,437,2021
St. Clair,MO,112800,159,2021
Ste. Genevieve,MO,181600,365,2021
St. Francois,MO,126800,215,2021
St. Louis,MO,153200,293,2021
Saline,MO,112700,159,2021
Schuyler,MO,87600,61,2021
Scotland,MO,112400,157,2021
Scott,MO,122400,199,2021
Shannon,MO,126500,215,2021
Shelby,MO,73400,18,2021
Stoddard,MO,108900,144,2021
Stone,MO,193800,384,2021
Sullivan,MO,79200,31,2021
Taney,MO,157500,307,2021
Texas,MO,112000,155,2021
Vernon,MO,111200,152,2021
Warren,MO,190700,380,2021
Washington,MO,103000,118,2021
Wayne,MO,101000,109,2021
Webster,MO,161000,318,2021
Worth,MO,68100,11,2021
Wright,MO,117400,180,2021
Beaverhead,MT,249000,442,2021
Big Horn,MT,148900,280,2021
Blaine,MT,117000,178,2021
Broadwater,MT,265700,454,2021
Carbon,MT,297500,469,2021
Carter,MT,116900,177,2021
Cascade,MT,194000,384,2021
Chouteau,MT,157700,308,2021
Custer,MT,186000,373,2021
Daniels,MT,160600,317,2021
Dawson,MT,152700,291,2021
Deer Lodge,MT,145000,270,2021
Fallon,MT,197100,388,2021
Fergus,MT,150200,284,2021
Flathead,MT,333700,482,2021
Gallatin,MT,435400,498,2021
Garfield,MT,154900,299,2021
Glacier,MT,129700,224,2021
Golden Valley,MT,109000,144,2021
Granite,MT,248200,441,2021
Hill,MT,168100,336,2021
Jefferson,MT,304300,471,2021
Judith Basin,MT,164400,328,2021
Lake,MT,289300,466,2021
Lewis and Clark,MT,280600,462,2021
Liberty,MT,99100,102,2021
Lincoln,MT,212400,406,2021
McCone,MT,159100,311,2021
Madison,MT,320800,477,2021
Meagher,MT,179900,363,2021
Mineral,MT,212000,405,2021
Missoula,MT,327100,479,2021
Musselshell,MT,196900,388,2021
Park,MT,329500,480,2021
Petroleum,MT,119000,186,2021
Phillips,MT,154100,297,2021
Pondera,MT,149700,282,2021
Powder River,MT,128300,220,2021
Powell,MT,144000,267,2021
Prairie,MT,115800,173,2021
Ravalli,MT,316400,476,2021
Richland,MT,236700,431,2021
Roosevelt,MT,103500,120,2021
Rosebud,MT,139900,257,2021
Sanders,MT,263500,452,2021
Sheridan,MT,115000,169,2021
Silver Bow,MT,164600,329,2021
Stillwater,MT,276500,459,2021
Sweet Grass,MT,243500,438,2021
Teton,MT,191300,381,2021
Toole,MT,152200,290,2021
Treasure,MT,171100,344,2021
Valley,MT,160800,318,2021
Wheatland,MT,124500,208,2021
Wibaux,MT,106800,135,2021
Yellowstone,MT,253700,445,2021
Adams,NE,143200,265,2021
Antelope,NE,85900,54,2021
Arthur,NE,155000,300,2021
Banner,NE,178400,361,2021
Blaine,NE,84700,49,2021
Boone,NE,149500,281,2021
Box Butte,NE,132300,232,2021
Boyd,NE,89600,70,2021
Brown,NE,79600,32,2021
Buffalo,NE,191200,381,2021
Burt,NE,113400,162,2021
Butler,NE,135500,244,2021
Cass,NE,206900,398,2021
Cedar,NE,134300,240,2021
Chase,NE,159400,312,2021
Cherry,NE,123600,204,2021
Cheyenne,NE,102000,112,2021
Clay,NE,117700,181,2021
Colfax,NE,89700,70,2021
Cuming,NE,134200,239,2021
Custer,NE,115600,171,2021
Dakota,NE,138200,253,2021
Dawes,NE,131800,232,2021
Dawson,NE,123100,202,2021
Deuel,NE,85500,52,2021
Dixon,NE,98800,102,2021
Dodge,NE,146900,276,2021
Douglas,NE,192800,383,2021
Dundy,NE,110400,148,2021
Fillmore,NE,101800,111,2021
Franklin,NE,80500,35,2021
Frontier,NE,110400,148,2021
Furnas,NE,76300,22,2021
Gage,NE,132600,234,2021
Garden,NE,79200,31,2021
Garfield,NE,114000,164,2021
Gosper,NE,173400,351,2021
Grant,NE,94300,85,2021
Greeley,NE,76900,24,2021
Hall,NE,163400,325,2021
Hamilton,NE,178100,360,2021
Harlan,NE,118400,184,2021
Hayes,NE,86000,54,2021
Hitchcock,NE,75000,20,2021
Holt,NE,134500,241,2021
Hooker,NE,93900,83,2021
Howard,NE,165300,330,2021
Jefferson,NE,101500,110,2021
Johnson,NE,107800,138,2021
Kearney,NE,180300,363,2021
Keith,NE,134500,241,2021
Keya Paha,NE,85500,52,2021
Kimball,NE,79000,31,2021
Knox,NE,98800,102,2021
Lancaster,NE,204400,396,2021
Lincoln,NE,156100,303,2021
Logan,NE,112200,156,2021
Loup,NE,107800,138,2021
McPherson,NE,109400,145,2021
Madison,NE,164300,328,2021
Merrick,NE,138100,253,2021
Morrill,NE,100900,109,2021
Nance,NE,86200,56,2021
Nemaha,NE,100300,107,2021
Nuckolls,NE,78600,29,2021
Otoe,NE,151300,287,2021
Pawnee,NE,69300,12,2021
Perkins,NE,119800,190,2021
Phelps,NE,143300,265,2021
Pierce,NE,151000,286,2021
Platte,NE,163900,326,2021
Polk,NE,124400,207,2021
Red Willow,NE,130400,227,2021
Richardson,NE,75900,22,2021
Rock,NE,88300,63,2021
Saline,NE,116600,176,2021
Sarpy,NE,227000,421,2021
Saunders,NE,183800,370,2021
Scotts Bluff,NE,138000,252,2021
Seward,NE,176400,357,2021
Sheridan,NE,83200,43,2021
Sherman,NE,102800,117,2021
Sioux,NE,115600,171,2021
Stanton,NE,148700,279,2021
Thayer,NE,78700,29,2021
Thomas,NE,152800,292,2021
Thurston,NE,78300,29,2021
Valley,NE,117000,178,2021
Washington,NE,226700,421,2021
Wayne,NE,149300,281,2021
Webster,NE,80700,36,2021
Wheeler,NE,90600,71,2021
York,NE,141600,261,2021
Churchill,NV,223700,418,2021
Clark,NV,308800,473,2021
Douglas,NV,445800,500,2021
Elko,NV,235700,430,2021
Esmeralda,NV,65900,8,2021
Eureka,NV,150400,285,2021
Humboldt,NV,212500,406,2021
Lander,NV,173000,350,2021
Lincoln,NV,160600,317,2021
Lyon,NV,264100,452,2021
Mineral,NV,119700,189,2021
Nye,NV,197700,389,2021
Pershing,NV,140600,258,2021
Storey,NV,261900,450,2021
Washoe,NV,388600,493,2021
White Pine,NV,165400,330,2021
Carson,NV,327300,479,2021
Belknap,NH,253600,445,2021
Carroll,NH,272000,457,2021
Cheshire,NH,208900,400,2021
Coos,NH,134400,240,2021
Grafton,NH,240300,435,2021
Hillsborough,NH,306000,472,2021
Merrimack,NH,255100,446,2021
Rockingham,NH,367300,489,2021
Strafford,NH,262000,450,2021
Sullivan,NH,180800,364,2021
Atlantic,NJ,222600,417,2021
Bergen,NJ,489600,502,2021
Burlington,NJ,270000,456,2021
Camden,NJ,211400,404,2021
Cape May,NJ,318600,476,2021
Cumberland,NJ,168900,338,2021
Essex,NJ,414000,496,2021
Gloucester,NJ,232800,428,2021
Hudson,NJ,424700,497,2021
Hunterdon,NJ,431600,498,2021
Mercer,NJ,295400,468,2021
Middlesex,NJ,362900,489,2021
Monmouth,NJ,454000,500,2021
Morris,NJ,474500,501,2021
Ocean,NJ,298800,469,2021
Passaic,NJ,363700,489,2021
Salem,NJ,187400,375,2021
Somerset,NJ,444700,499,2021
Sussex,NJ,282700,463,2021
Union,NJ,393900,494,2021
Warren,NJ,272500,457,2021
Bernalillo,NM,216200,410,2021
Catron,NM,175200,355,2021
Chaves,NM,117100,179,2021
Cibola,NM,86800,57,2021
Colfax,NM,125300,211,2021
Curry,NM,139300,255,2021
De Baca,NM,133100,236,2021
Dona Ana,NM,162200,321,2021
Eddy,NM,166900,333,2021
Grant,NM,125000,210,2021
Guadalupe,NM,106500,133,2021
Harding,NM,78500,29,2021
Hidalgo,NM,94400,85,2021
Lea,NM,144400,269,2021
Lincoln,NM,171400,346,2021
Los Alamos,NM,343100,484,2021
Luna,NM,88800,65,2021
McKinley,NM,67100,10,2021
Mora,NM,106100,131,2021
Otero,NM,123000,202,2021
Quay,NM,72200,16,2021
Rio Arriba,NM,179800,363,2021
Roosevelt,NM,117600,181,2021
Sandoval,NM,222200,417,2021
San Juan,NM,155000,300,2021
San Miguel,NM,143800,267,2021
Santa Fe,NM,315100,476,2021
Sierra,NM,122800,201,2021
Socorro,NM,112500,158,2021
Taos,NM,280700,462,2021
Torrance,NM,121100,195,2021
Union,NM,130300,227,2021
Valencia,NM,154400,298,2021
Albany,NY,235200,430,2021
Allegany,NY,80900,36,2021
Bronx,NY,445900,500,2021
Broome,NY,122200,199,2021
Cattaraugus,NY,92500,77,2021
Cayuga,NY,138200,253,2021
Chautauqua,NY,96000,91,2021
Chemung,NY,114600,167,2021
Chenango,NY,107900,139,2021
Clinton,NY,143800,267,2021
Columbia,NY,250600,444,2021
Cortland,NY,130000,226,2021
Delaware,NY,147600,278,2021
Dutchess,NY,304600,472,2021
Erie,NY,169100,339,2021
Essex,NY,162700,323,2021
Franklin,NY,118800,186,2021
Fulton,NY,124500,208,2021
Genesee,NY,130100,226,2021
Greene,NY,190000,377,2021
Hamilton,NY,170600,343,2021
Herkimer,NY,110500,149,2021
Jefferson,NY,154000,296,2021
Kings,NY,767500,510,2021
Lewis,NY,128600,220,2021
Livingston,NY,142000,261,2021
Madison,NY,151100,287,2021
Monroe,NY,160000,314,2021
Montgomery,NY,113500,162,2021
Nassau,NY,560100,504,2021
New York,NY,1008500,511,2021
Niagara,NY,140400,257,2021
Oneida,NY,138700,254,2021
Onondaga,NY,154100,297,2021
Ontario,NY,169200,340,2021
Orange,NY,291900,467,2021
Orleans,NY,107700,138,2021
Oswego,NY,115900,173,2021
Otsego,NY,154200,297,2021
Putnam,NY,377800,491,2021
Queens,NY,603200,506,2021
Rensselaer,NY,204200,395,2021
Richmond,NY,575500,505,2021
Rockland,NY,465200,501,2021
St. Lawrence,NY,99300,103,2021
Saratoga,NY,273500,458,2021
Schenectady,NY,178000,360,2021
Schoharie,NY,151700,289,2021
Schuyler,NY,134400,240,2021
Seneca,NY,111800,154,2021
Steuben,NY,108100,140,2021
Suffolk,NY,436300,498,2021
Sullivan,NY,185700,373,2021
Tioga,NY,122900,201,2021
Tompkins,NY,228900,424,2021
Ulster,NY,252300,445,2021
Warren,NY,214300,408,2021
Washington,NY,158100,309,2021
Wayne,NY,134800,242,2021
Westchester,NY,559900,504,2021
Wyoming,NY,125300,211,2021
Yates,NY,146600,274,2021
Alamance,NC,168900,338,2021
Alexander,NC,149900,283,2021
Alleghany,NC,165500,331,2021
Anson,NC,100700,108,2021
Ashe,NC,170700,343,2021
Avery,NC,171200,345,2021
Beaufort,NC,142800,264,2021
Bertie,NC,78100,28,2021
Bladen,NC,106000,130,2021
Brunswick,NC,238800,433,2021
Buncombe,NC,273900,458,2021
Burke,NC,128300,220,2021
Cabarrus,NC,239500,434,2021
Caldwell,NC,136100,246,2021
Camden,NC,226400,421,2021
Carteret,NC,237800,432,2021
Caswell,NC,122000,198,2021
Catawba,NC,163100,324,2021
Chatham,NC,325500,478,2021
Cherokee,NC,164400,328,2021
Chowan,NC,149800,282,2021
Clay,NC,208600,400,2021
Cleveland,NC,135700,245,2021
Columbus,NC,102300,115,2021
Craven,NC,168100,336,2021
Cumberland,NC,145200,270,2021
Currituck,NC,276400,459,2021
Dare,NC,321400,477,2021
Davidson,NC,157300,307,2021
Davie,NC,181600,365,2021
Duplin,NC,91400,74,2021
Durham,NC,262400,451,2021
Edgecombe,NC,92900,78,2021
Forsyth,NC,171300,345,2021
Franklin,NC,174200,353,2021
Gaston,NC,170500,342,2021
Gates,NC,146600,274,2021
Graham,NC,115600,171,2021
Granville,NC,177600,359,2021
Greene,NC,89900,70,2021
Guilford,NC,182300,367,2021
Halifax,NC,89600,70,2021
Harnett,NC,165800,331,2021
Haywood,NC,196300,387,2021
Henderson,NC,251800,444,2021
Hertford,NC,89400,68,2021
Hoke,NC,154400,298,2021
Hyde,NC,118200,183,2021
Iredell,NC,220800,415,2021
Jackson,NC,211500,404,2021
Johnston,NC,202600,393,2021
Jones,NC,104900,127,2021
Lee,NC,154300,297,2021
Lenoir,NC,91600,74,2021
Lincoln,NC,203200,394,2021
McDowell,NC,132300,232,2021
Macon,NC,176900,359,2021
Madison,NC,208800,400,2021
Martin,NC,90400,71,2021
Mecklenburg,NC,276200,459,2021
Mitchell,NC,170200,342,2021
Montgomery,NC,122400,199,2021
Moore,NC,247000,441,2021
Nash,NC,141900,261,2021
New Hanover,NC,277900,460,2021
Northampton,NC,87400,60,2021
Onslow,NC,169100,339,2021
Orange,NC,339900,483,2021
Pamlico,NC,166500,333,2021
Pasquotank,NC,179500,362,2021
Pender,NC,210600,402,2021
Perquimans,NC,182700,368,2021
Person,NC,146900,276,2021
Pitt,NC,153100,293,2021
Polk,NC,228000,422,2021
Randolph,NC,134800,242,2021
Richmond,NC,92200,76,2021
Robeson,NC,77900,27,2021
Rockingham,NC,120600,193,2021
Rowan,NC,155700,301,2021
Rutherford,NC,133600,238,2021
Sampson,NC,102300,115,2021
Scotland,NC,89600,70,2021
Stanly,NC,161900,320,2021
Stokes,NC,150000,283,2021
Surry,NC,136500,247,2021
Swain,NC,169000,339,2021
Transylvania,NC,250200,443,2021
Tyrrell,NC,99400,104,2021
Union,NC,279500,461,2021
Vance,NC,113100,161,2021
Wake,NC,324500,478,2021
Warren,NC,97600,96,2021
Washington,NC,86000,54,2021
Watauga,NC,249500,443,2021
Wayne,NC,131400,230,2021
Wilkes,NC,133200,236,2021
Wilson,NC,130000,226,2021
Yadkin,NC,145800,272,2021
Yancey,NC,175200,355,2021
Adams,ND,102200,114,2021
Barnes,ND,146800,275,2021
Benson,ND,80900,36,2021
Billings,ND,208600,400,2021
Bottineau,ND,165000,329,2021
Bowman,ND,155000,300,2021
Burke,ND,117700,181,2021
Burleigh,ND,274200,458,2021
Cass,ND,244000,439,2021
Cavalier,ND,112200,156,2021
Dickey,ND,135400,244,2021
Divide,ND,159200,312,2021
Dunn,ND,228300,423,2021
Eddy,ND,103100,118,2021
Emmons,ND,94700,87,2021
Foster,ND,157400,307,2021
Golden Valley,ND,112600,158,2021
Grand Forks,ND,215200,409,2021
Grant,ND,77300,25,2021
Griggs,ND,104200,123,2021
Hettinger,ND,106000,130,2021
Kidder,ND,108600,141,2021
LaMoure,ND,107900,139,2021
Logan,ND,89200,67,2021
McHenry,ND,119500,188,2021
McIntosh,ND,82000,39,2021
McKenzie,ND,309400,474,2021
McLean,ND,200600,391,2021
Mercer,ND,169400,340,2021
Morton,ND,220200,414,2021
Mountrail,ND,175100,355,2021
Nelson,ND,99300,103,2021
Oliver,ND,203600,395,2021
Pembina,ND,102100,113,2021
Pierce,ND,135800,245,2021
Ramsey,ND,168500,337,2021
Ransom,ND,137400,250,2021
Renville,ND,142200,262,2021
Richland,ND,142000,261,2021
Rolette,ND,82300,40,2021
Sargent,ND,132600,234,2021
Sheridan,ND,105400,128,2021
Sioux,ND,83500,45,2021
Slope,ND,96700,94,2021
Stark,ND,238700,433,2021
Steele,ND,95000,88,2021
Stutsman,ND,171300,345,2021
Towner,ND,103400,119,2021
Traill,ND,152700,291,2021
Walsh,ND,98700,101,2021
Ward,ND,224200,418,2021
Wells,ND,104300,124,2021
Williams,ND,240700,435,2021
Adams,OH,118300,184,2021
Allen,OH,126900,216,2021
Ashland,OH,143100,264,2021
Ashtabula,OH,121100,195,2021
Athens,OH,150800,286,2021
Auglaize,OH,150200,284,2021
Belmont,OH,116700,176,2021
Brown,OH,141400,260,2021
Butler,OH,190500,378,2021
Carroll,OH,142600,263,2021
Champaign,OH,146700,275,2021
Clark,OH,127400,217,2021
Clermont,OH,190600,379,2021
Clinton,OH,149500,281,2021
Columbiana,OH,107300,136,2021
Coshocton,OH,113800,163,2021
Crawford,OH,98600,101,2021
Cuyahoga,OH,146800,275,2021
Darke,OH,134200,239,2021
Defiance,OH,131400,230,2021
Delaware,OH,336600,482,2021
Erie,OH,152800,292,2021
Fairfield,OH,213500,407,2021
Fayette,OH,125000,210,2021
Franklin,OH,203200,394,2021
Fulton,OH,145600,271,2021
Gallia,OH,120500,192,2021
Geauga,OH,259900,449,2021
Greene,OH,190200,378,2021
Guernsey,OH,126500,215,2021
Hamilton,OH,172800,349,2021
Hancock,OH,157300,307,2021
Hardin,OH,114600,167,2021
Harrison,OH,101600,111,2021
Henry,OH,138100,253,2021
Highland,OH,126200,214,2021
Hocking,OH,144000,267,2021
Holmes,OH,231200,426,2021
Huron,OH,133600,238,2021
Jackson,OH,111400,153,2021
Jefferson,OH,102800,117,2021
Knox,OH,168700,338,2021
Lake,OH,166200,332,2021
Lawrence,OH,112200,156,2021
Licking,OH,195100,385,2021
Logan,OH,148600,279,2021
Lorain,OH,164600,329,2021
Lucas,OH,127900,219,2021
Madison,OH,173400,351,2021
Mahoning,OH,114600,167,2021
Marion,OH,114800,168,2021
Medina,OH,219900,414,2021
Meigs,OH,100300,107,2021
Mercer,OH,169500,341,2021
Miami,OH,165600,331,2021
Monroe,OH,115500,171,2021
Montgomery,OH,133400,237,2021
Morgan,OH,103500,120,2021
Morrow,OH,163300,324,2021
Muskingum,OH,132800,235,2021
Noble,OH,113500,162,2021
Ottawa,OH,160500,316,2021
Paulding,OH,107700,138,2021
Perry,OH,136300,247,2021
Pickaway,OH,185400,372,2021
Pike,OH,118400,184,2021
Portage,OH,168500,337,2021
Preble,OH,141600,261,2021
Putnam,OH,158300,309,2021
Richland,OH,123900,205,2021
Ross,OH,134300,240,2021
Sandusky,OH,124700,209,2021
Scioto,OH,107600,137,2021
Seneca,OH,113000,160,2021
Shelby,OH,154500,298,2021
Stark,OH,146100,272,2021
Summit,OH,159800,313,2021
Trumbull,OH,109300,145,2021
Tuscarawas,OH,144700,269,2021
Union,OH,242400,437,2021
Van Wert,OH,112300,157,2021
Vinton,OH,98500,100,2021
Warren,OH,250300,443,2021
Washington,OH,146600,274,2021
Wayne,OH,164300,328,2021
Williams,OH,111500,153,2021
Wood,OH,177000,359,2021
Wyandot,OH,133600,238,2021
Adair,OK,94200,85,2021
Alfalfa,OK,85400,52,2021
Atoka,OK,103500,120,2021
Beaver,OK,96400,93,2021
Beckham,OK,137900,251,2021
Blaine,OK,110900,151,2021
Bryan,OK,127800,218,2021
Caddo,OK,87400,60,2021
Canadian,OK,180400,364,2021
Carter,OK,123200,202,2021
Cherokee,OK,132100,232,2021
Choctaw,OK,102100,113,2021
Cimarron,OK,64600,7,2021
Cleveland,OK,175700,356,2021
Coal,OK,80700,36,2021
Comanche,OK,133300,236,2021
Cotton,OK,93400,80,2021
Craig,OK,112800,159,2021
Creek,OK,139400,256,2021
Custer,OK,155900,302,2021
Delaware,OK,128800,221,2021
Dewey,OK,96800,94,2021
Ellis,OK,94500,86,2021
Garfield,OK,128800,221,2021
Garvin,OK,109000,144,2021
Grady,OK,151200,287,2021
Grant,OK,74900,19,2021
Greer,OK,79600,32,2021
Harmon,OK,80200,34,2021
Harper,OK,86800,57,2021
Haskell,OK,98500,100,2021
Hughes,OK,77400,26,2021
Jackson,OK,105200,127,2021
Jefferson,OK,63100,6,2021
Johnston,OK,87900,62,2021
Kay,OK,97300,95,2021
Kingfisher,OK,165100,330,2021
Kiowa,OK,66000,8,2021
Latimer,OK,90700,72,2021
Le Flore,OK,96700,94,2021
Lincoln,OK,126900,216,2021
Logan,OK,187200,375,2021
Love,OK,122400,199,2021
McClain,OK,191200,381,2021
McCurtain,OK,99700,105,2021
McIntosh,OK,115500,171,2021
Major,OK,112700,159,2021
Marshall,OK,115800,173,2021
Mayes,OK,130200,226,2021
Murray,OK,131900,232,2021
Muskogee,OK,113100,161,2021
Noble,OK,123300,203,2021
Nowata,OK,98200,98,2021
Okfuskee,OK,93400,80,2021
Oklahoma,OK,164000,326,2021
Okmulgee,OK,96400,93,2021
Osage,OK,134300,240,2021
Ottawa,OK,93200,79,2021
Pawnee,OK,102600,116,2021
Payne,OK,172200,348,2021
Pittsburg,OK,119200,187,2021
Pontotoc,OK,137000,248,2021
Pottawatomie,OK,129800,225,2021
Pushmataha,OK,89100,67,2021
Roger Mills,OK,142300,262,2021
Rogers,OK,173600,352,2021
Seminole,OK,77200,25,2021
Sequoyah,OK,102100,113,2021
Stephens,OK,118100,183,2021
Texas,OK,124200,206,2021
Tillman,OK,53400,1,2021
Tulsa,OK,168800,338,2021
Wagoner,OK,171000,344,2021
Washington,OK,127400,217,2021
Washita,OK,89400,68,2021
Woods,OK,122300,199,2021
Woodward,OK,152300,290,2021
Baker,OR,190100,378,2021
Benton,OR,384900,493,2021
Clackamas,OR,452200,500,2021
Clatsop,OR,340700,484,2021
Columbia,OR,312700,475,2021
Coos,OR,238100,432,2021
Crook,OR,296500,469,2021
Curry,OR,308800,473,2021
Deschutes,OR,435600,498,2021
Douglas,OR,224400,419,2021
Gilliam,OR,122600,200,2021
Grant,OR,160100,314,2021
Harney,OR,142800,264,2021
Hood River,OR,444300,499,2021
Jackson,OR,322100,477,2021
Jefferson,OR,267300,455,2021
Josephine,OR,303500,471,2021
Klamath,OR,200000,391,2021
Lake,OR,160100,314,2021
Lane,OR,303800,471,2021
Lincoln,OR,287200,465,2021
Linn,OR,265900,454,2021
Malheur,OR,162100,321,2021
Marion,OR,293800,467,2021
Morrow,OR,169800,341,2021
Multnomah,OR,437600,499,2021
Polk,OR,319000,477,2021
Sherman,OR,157800,308,2021
Tillamook,OR,309000,474,2021
Umatilla,OR,203800,395,2021
Union,OR,206200,397,2021
Wallowa,OR,285000,464,2021
Wasco,OR,253700,445,2021
Washington,OR,439300,499,2021
Wheeler,OR,188600,376,2021
Yamhill,OR,353200,486,2021
Adams,PA,217600,412,2021
Allegheny,PA,171400,346,2021
Armstrong,PA,118900,186,2021
Beaver,PA,154500,298,2021
Bedford,PA,147200,276,2021
Berks,PA,195900,387,2021
Blair,PA,133800,239,2021
Bradford,PA,156300,303,2021
Bucks,PA,351700,486,2021
Butler,PA,228000,422,2021
Cambria,PA,98400,99,2021
Cameron,PA,79400,32,2021
Carbon,PA,158800,310,2021
Centre,PA,254500,446,2021
Chester,PA,384100,492,2021
Clarion,PA,127900,219,2021
Clearfield,PA,104300,124,2021
Clinton,PA,151900,289,2021
Columbia,PA,161900,320,2021
Crawford,PA,120600,193,2021
Cumberland,PA,217300,411,2021
Dauphin,PA,181400,365,2021
Delaware,PA,257100,448,2021
Elk,PA,106900,135,2021
Erie,PA,144100,268,2021
Fayette,PA,109400,145,2021
Forest,PA,93600,82,2021
Franklin,PA,194900,385,2021
Fulton,PA,170800,344,2021
Greene,PA,123800,205,2021
Huntingdon,PA,151000,286,2021
Indiana,PA,124400,207,2021
Jefferson,PA,108900,144,2021
Juniata,PA,161000,318,2021
Lackawanna,PA,160600,317,2021
Lancaster,PA,229300,424,2021
Lawrence,PA,117600,181,2021
Lebanon,PA,185100,372,2021
Lehigh,PA,224700,419,2021
Luzerne,PA,133600,238,2021
Lycoming,PA,165000,329,2021
McKean,PA,84600,49,2021
Mercer,PA,129900,225,2021
Mifflin,PA,119400,188,2021
Monroe,PA,182000,366,2021
Montgomery,PA,338800,483,2021
Montour,PA,198500,389,2021
Northampton,PA,232500,428,2021
Northumberland,PA,122700,200,2021
Perry,PA,186000,373,2021
Philadelphia,PA,184100,370,2021
Pike,PA,197600,389,2021
Potter,PA,117000,178,2021
Schuylkill,PA,112800,159,2021
Snyder,PA,176800,358,2021
Somerset,PA,114700,168,2021
Sullivan,PA,163800,326,2021
Susquehanna,PA,176000,356,2021
Tioga,PA,155600,301,2021
Union,PA,191700,381,2021
Venango,PA,99900,105,2021
Warren,PA,105700,130,2021
Washington,PA,178600,361,2021
Wayne,PA,190100,378,2021
Westmoreland,PA,162300,322,2021
Wyoming,PA,173200,350,2021
York,PA,191000,380,2021
Bristol,RI,379000,491,2021
Kent,RI,264900,453,2021
Newport,RI,425100,497,2021
Providence,RI,266700,454,2021
Washington,RI,379200,492,2021
Abbeville,SC,104100,123,2021
Aiken,SC,159600,313,2021
Allendale,SC,53800,2,2021
Anderson,SC,160700,317,2021
Bamberg,SC,86300,56,2021
Barnwell,SC,89200,67,2021
Beaufort,SC,328500,480,2021
Berkeley,SC,216100,409,2021
Calhoun,SC,114500,166,2021
Charleston,SC,352800,486,2021
Cherokee,SC,106100,131,2021
Chester,SC,104900,127,2021
Chesterfield,SC,83800,46,2021
Clarendon,SC,115800,173,2021
Colleton,SC,102000,112,2021
Darlington,SC,105300,128,2021
Dillon,SC,83400,44,2021
Dorchester,SC,228700,423,2021
Edgefield,SC,149000,280,2021
Fairfield,SC,110000,147,2021
Florence,SC,139900,257,2021
Georgetown,SC,199500,390,2021
Greenville,SC,212300,406,2021
Greenwood,SC,127900,219,2021
Hampton,SC,82800,42,2021
Horry,SC,199100,390,2021
Jasper,SC,182600,367,2021
Kershaw,SC,150200,284,2021
Lancaster,SC,225400,420,2021
Laurens,SC,117800,182,2021
Lee,SC,85500,52,2021
Lexington,SC,170900,344,2021
McCormick,SC,114800,168,2021
Marion,SC,82100,39,2021
Marlboro,SC,66100,9,2021
Newberry,SC,119300,187,2021
Oconee,SC,169900,341,2021
Orangeburg,SC,92800,78,2021
Pickens,SC,166800,333,2021
Richland,SC,175100,355,2021
Saluda,SC,112700,159,2021
Spartanburg,SC,164300,328,2021
Sumter,SC,129200,222,2021
Union,SC,81400,37,2021
Williamsburg,SC,76500,23,2021
York,SC,238700,433,2021
Aurora,SD,106500,133,2021
Beadle,SD,119700,189,2021
Bennett,SD,116000,173,2021
Bon Homme,SD,92400,77,2021
Brookings,SD,201000,391,2021
Brown,SD,170900,344,2021
Brule,SD,162300,322,2021
Buffalo,SD,88300,63,2021
Butte,SD,160000,314,2021
Campbell,SD,71900,15,2021
Charles Mix,SD,135300,243,2021
Clark,SD,116100,174,2021
Clay,SD,179000,362,2021
Codington,SD,181900,366,2021
Corson,SD,57700,3,2021
Custer,SD,255500,447,2021
Davison,SD,156600,304,2021
Day,SD,120700,193,2021
Deuel,SD,151500,288,2021
Dewey,SD,65000,7,2021
Douglas,SD,104900,127,2021
Edmunds,SD,114500,166,2021
Fall River,SD,136400,247,2021
Faulk,SD,94100,84,2021
Grant,SD,139800,256,2021
Gregory,SD,91300,74,2021
Haakon,SD,127200,216,2021
Hamlin,SD,167500,334,2021
Hand,SD,125000,210,2021
Hanson,SD,151600,288,2021
Harding,SD,98100,98,2021
Hughes,SD,186600,374,2021
Hutchinson,SD,119700,189,2021
Hyde,SD,102300,115,2021
Jackson,SD,100000,106,2021
Jerauld,SD,104500,125,2021
Jones,SD,79900,33,2021
Kingsbury,SD,124500,208,2021
Lake,SD,172700,349,2021
Lawrence,SD,237200,431,2021
Lincoln,SD,248600,442,2021
Lyman,SD,122800,201,2021
McCook,SD,163900,326,2021
McPherson,SD,68400,11,2021
Marshall,SD,132500,234,2021
Meade,SD,214600,408,2021
Mellette,SD,51700,1,2021
Miner,SD,82700,41,2021
Minnehaha,SD,214200,407,2021
Moody,SD,163000,324,2021
Oglala Lakota,SD,39100,0,2021
Pennington,SD,210900,403,2021
Perkins,SD,101200,109,2021
Potter,SD,111400,153,2021
Roberts,SD,114300,165,2021
Sanborn,SD,108100,140,2021
Spink,SD,102000,112,2021
Stanley,SD,159200,312,2021
Sully,SD,135800,245,2021
Todd,SD,28700,0,2021
Tripp,SD,107700,138,2021
Turner,SD,148300,278,2021
Union,SD,221300,416,2021
Walworth,SD,100700,108,2021
Yankton,SD,166700,333,2021
Ziebach,SD,78000,27,2021
Anderson,TN,161400,319,2021
Bedford,TN,179900,363,2021
Benton,TN,92200,76,2021
Bledsoe,TN,141600,261,2021
Blount,TN,208000,399,2021
Bradley,TN,179700,363,2021
Campbell,TN,126800,215,2021
Cannon,TN,184100,370,2021
Carroll,TN,98600,101,2021
Carter,TN,132500,234,2021
Cheatham,TN,217500,411,2021
Chester,TN,127200,216,2021
Claiborne,TN,117900,182,2021
Clay,TN,121900,198,2021
Cocke,TN,120100,191,2021
Coffee,TN,170800,344,2021
Crockett,TN,103600,120,2021
Cumberland,TN,168800,338,2021
Davidson,TN,294200,467,2021
Decatur,TN,105300,128,2021
DeKalb,TN,158500,310,2021
Dickson,TN,200900,391,2021
Dyer,TN,120500,192,2021
Fayette,TN,234200,429,2021
Fentress,TN,110600,150,2021
Franklin,TN,161000,318,2021
Gibson,TN,113300,161,2021
Giles,TN,150900,286,2021
Grainger,TN,129800,225,2021
Greene,TN,146100,272,2021
Grundy,TN,105000,127,2021
Hamblen,TN,143800,267,2021
Hamilton,TN,210500,402,2021
Hancock,TN,98500,100,2021
Hardeman,TN,95100,88,2021
Hardin,TN,119200,187,2021
Hawkins,TN,135200,243,2021
Haywood,TN,108800,142,2021
Henderson,TN,115000,169,2021
Henry,TN,110600,150,2021
Hickman,TN,130700,228,2021
Houston,TN,128400,220,2021
Humphreys,TN,139600,256,2021
Jackson,TN,119800,190,2021
Jefferson,TN,162000,320,2021
Johnson,TN,133700,238,2021
Knox,TN,208900,400,2021
Lake,TN,98500,100,2021
Lauderdale,TN,95900,90,2021
Lawrence,TN,125700,212,2021
Lewis,TN,114000,164,2021
Lincoln,TN,157100,306,2021
Loudon,TN,238100,432,2021
McMinn,TN,148700,279,2021
McNairy,TN,111000,151,2021
Macon,TN,138900,255,2021
Madison,TN,149800,282,2021
Marion,TN,129500,222,2021
Marshall,TN,175200,355,2021
Maury,TN,231400,427,2021
Meigs,TN,153500,294,2021
Monroe,TN,153700,295,2021
Montgomery,TN,187700,375,2021
Moore,TN,219300,413,2021
Morgan,TN,104300,124,2021
Obion,TN,102600,116,2021
Overton,TN,137100,249,2021
Perry,TN,104300,124,2021
Pickett,TN,136800,248,2021
Polk,TN,122800,201,2021
Putnam,TN,172900,350,2021
Rhea,TN,140700,259,2021
Roane,TN,162900,323,2021
Robertson,TN,229700,425,2021
Rutherford,TN,256700,448,2021
Scott,TN,102200,114,2021
Sequatchie,TN,152000,290,2021
Sevier,TN,203200,394,2021
Shelby,TN,170200,342,2021
Smith,TN,172900,350,2021
Stewart,TN,149900,283,2021
Sullivan,TN,152000,290,2021
Sumner,TN,276600,459,2021
Tipton,TN,168100,336,2021
Trousdale,TN,178200,360,2021
Unicoi,TN,137100,249,2021
Union,TN,144400,269,2021
Van Buren,TN,107000,136,2021
Warren,TN,123700,204,2021
Washington,TN,176500,358,2021
Wayne,TN,114000,164,2021
Weakley,TN,99800,105,2021
White,TN,137300,250,2021
Williamson,TN,497500,503,2021
Wilson,TN,300800,470,2021
Anderson,TX,119700,189,2021
Andrews,TX,156500,304,2021
Angelina,TX,115600,171,2021
Aransas,TX,184900,372,2021
Archer,TX,146600,274,2021
Armstrong,TX,155000,300,2021
Atascosa,TX,115900,173,2021
Austin,TX,211200,403,2021
Bailey,TX,93200,79,2021
Bandera,TX,220200,414,2021
Bastrop,TX,209000,401,2021
Baylor,TX,73900,18,2021
Bee,TX,93200,79,2021
Bell,TX,164200,327,2021
Bexar,TX,187300,375,2021
Blanco,TX,286900,465,2021
Borden,TX,143300,265,2021
Bosque,TX,137800,251,2021
Bowie,TX,132700,235,2021
Brazoria,TX,225200,420,2021
Brazos,TX,229700,425,2021
Brewster,TX,181700,366,2021
Briscoe,TX,72100,16,2021
Brooks,TX,70100,13,2021
Brown,TX,114000,164,2021
Burleson,TX,124500,208,2021
Burnet,TX,229600,425,2021
Caldwell,TX,162000,320,2021
Calhoun,TX,121700,197,2021
Callahan,TX,111900,155,2021
Cameron,TX,94200,85,2021
Camp,TX,127300,216,2021
Carson,TX,101700,111,2021
Cass,TX,96900,94,2021
Castro,TX,86300,56,2021
Chambers,TX,241700,436,2021
Cherokee,TX,120400,192,2021
Childress,TX,100600,108,2021
Clay,TX,117900,182,2021
Cochran,TX,44600,0,2021
Coke,TX,82400,40,2021
Coleman,TX,83400,44,2021
Collin,TX,355100,487,2021
Collingsworth,TX,65300,8,2021
Colorado,TX,161200,319,2021
Comal,TX,310900,475,2021
Comanche,TX,106400,132,2021
Concho,TX,85600,53,2021
Cooke,TX,172500,349,2021
Coryell,TX,131200,229,2021
Cottle,TX,52000,1,2021
Crane,TX,106100,131,2021
Crockett,TX,121200,195,2021
Crosby,TX,61900,5,2021
Culberson,TX,66700,9,2021
Dallam,TX,101900,111,2021
Dallas,TX,213000,406,2021
Dawson,TX,82800,42,2021
Deaf Smith,TX,91700,75,2021
Delta,TX,127400,217,2021
Denton,TX,321000,477,2021
DeWitt,TX,144700,269,2021
Dickens,TX,59400,3,2021
Dimmit,TX,57700,3,2021
Donley,TX,67100,10,2021
Duval,TX,75200,20,2021
Eastland,TX,82700,41,2021
Ector,TX,155100,300,2021
Edwards,TX,70300,13,2021
Ellis,TX,239000,433,2021
El Paso,TX,131500,230,2021
Erath,TX,176600,358,2021
Falls,TX,80400,35,2021
Fannin,TX,158000,309,2021
Fayette,TX,211900,404,2021
Fisher,TX,67100,10,2021
Floyd,TX,75900,22,2021
Foard,TX,52700,1,2021
Fort Bend,TX,287500,465,2021
Franklin,TX,157200,306,2021
Freestone,TX,136200,247,2021
Frio,TX,100500,107,2021
Gaines,TX,136400,247,2021
Galveston,TX,229300,424,2021
Garza,TX,78900,30,2021
Gillespie,TX,324700,478,2021
Glasscock,TX,203100,393,2021
Goliad,TX,146500,274,2021
Gonzales,TX,117100,179,2021
Gray,TX,82100,39,2021
Grayson,TX,169100,339,2021
Gregg,TX,150900,286,2021
Grimes,TX,182500,367,2021
Guadalupe,TX,220700,415,2021
Hale,TX,83200,43,2021
Hall,TX,62500,6,2021
Hamilton,TX,122100,198,2021
Hansford,TX,102900,118,2021
Hardeman,TX,57700,3,2021
Hardin,TX,143700,266,2021
Harris,TX,201200,391,2021
Harrison,TX,152200,290,2021
Hartley,TX,181600,365,2021
Haskell,TX,59700,4,2021
Hays,TX,278000,460,2021
Hemphill,TX,187200,375,2021
Henderson,TX,126100,214,2021
Hidalgo,TX,94600,86,2021
Hill,TX,114600,167,2021
Hockley,TX,98600,101,2021
Hood,TX,219300,413,2021
Hopkins,TX,142600,263,2021
Houston,TX,118100,183,2021
Howard,TX,121200,195,2021
Hudspeth,TX,52800,1,2021
Hunt,TX,151800,289,2021
Hutchinson,TX,86200,56,2021
Irion,TX,114200,165,2021
Jack,TX,100700,108,2021
Jackson,TX,115100,170,2021
Jasper,TX,106600,134,2021
Jeff Davis,TX,151200,287,2021
Jefferson,TX,129600,224,2021
Jim Hogg,TX,88000,62,2021
Jim Wells,TX,78000,27,2021
Johnson,TX,182800,368,2021
Jones,TX,79000,31,2021
Karnes,TX,111900,155,2021
Kaufman,TX,216300,410,2021
Kendall,TX,393200,494,2021
Kent,TX,91400,74,2021
Kerr,TX,212300,406,2021
Kimble,TX,131700,231,2021
King,TX,22600,0,2021
Kinney,TX,98800,102,2021
Kleberg,TX,98000,97,2021
Knox,TX,47000,0,2021
Lamar,TX,122100,198,2021
Lamb,TX,66200,9,2021
Lampasas,TX,174300,353,2021
La Salle,TX,83000,43,2021
Lavaca,TX,176900,359,2021
Lee,TX,189400,377,2021
Leon,TX,125800,213,2021
Liberty,TX,128400,220,2021
Limestone,TX,116300,174,2021
Lipscomb,TX,110100,148,2021
Live Oak,TX,117500,180,2021
Llano,TX,246600,440,2021
Lubbock,TX,158700,310,2021
Lynn,TX,94300,85,2021
McCulloch,TX,86400,57,2021
McLennan,TX,165400,330,2021
McMullen,TX,89300,68,2021
Madison,TX,117200,179,2021
Marion,TX,98200,98,2021
Martin,TX,147300,277,2021
Mason,TX,236600,431,2021
Matagorda,TX,136000,246,2021
Maverick,TX,108800,142,2021
Medina,TX,165100,330,2021
Menard,TX,82600,41,2021
Midland,TX,245600,440,2021
Milam,TX,126100,214,2021
Mills,TX,159700,313,2021
Mitchell,TX,68800,12,2021
Montague,TX,138800,254,2021
Montgomery,TX,257700,448,2021
Moore,TX,115300,170,2021
Morris,TX,97700,96,2021
Motley,TX,59000,3,2021
Nacogdoches,TX,140900,259,2021
Navarro,TX,115800,173,2021
Newton,TX,81600,37,2021
Nolan,TX,78300,29,2021
Nueces,TX,155400,301,2021
Ochiltree,TX,109200,145,2021
Oldham,TX,104900,127,2021
Orange,TX,131700,231,2021
Palo Pinto,TX,127600,217,2021
Panola,TX,120700,193,2021
Parker,TX,264100,452,2021
Parmer,TX,106400,132,2021
Pecos,TX,113100,161,2021
Polk,TX,126200,214,2021
Potter,TX,102000,112,2021
Presidio,TX,72100,16,2021
Rains,TX,153800,296,2021
Randall,TX,181900,366,2021
Reagan,TX,103500,120,2021
Real,TX,192500,383,2021
Red River,TX,100400,107,2021
Reeves,TX,97900,97,2021
Refugio,TX,84400,48,2021
Roberts,TX,140600,258,2021
Robertson,TX,121600,196,2021
Rockwall,TX,300200,470,2021
Runnels,TX,85200,50,2021
Rusk,TX,134900,242,2021
Sabine,TX,114300,165,2021
San Augustine,TX,72200,16,2021
San Jacinto,TX,135200,243,2021
San Patricio,TX,141900,261,2021
San Saba,TX,121100,195,2021
Schleicher,TX,89300,68,2021
Scurry,TX,94900,87,2021
Shackelford,TX,153100,293,2021
Shelby,TX,87200,59,2021
Sherman,TX,95300,89,2021
Smith,TX,171700,346,2021
Somervell,TX,224700,419,2021
Starr,TX,80300,35,2021
Stephens,TX,82800,42,2021
Sterling,TX,78900,30,2021
Stonewall,TX,55300,2,2021
Sutton,TX,129600,224,2021
Swisher,TX,78300,29,2021
Tarrant,TX,229200,424,2021
Taylor,TX,147200,276,2021
Terrell,TX,94800,87,2021
Terry,TX,85200,50,2021
Throckmorton,TX,62800,6,2021
Titus,TX,104800,125,2021
Tom Green,TX,156600,304,2021
Travis,TX,368000,490,2021
Trinity,TX,92500,77,2021
Tyler,TX,108900,144,2021
Upshur,TX,153600,295,2021
Upton,TX,86200,56,2021
Uvalde,TX,101300,110,2021
Val Verde,TX,113900,163,2021
Van Zandt,TX,160300,315,2021
Victoria,TX,158200,309,2021
Walker,TX,167800,335,2021
Waller,TX,241700,436,2021
Ward,TX,102900,118,2021
Washington,TX,218200,413,2021
Webb,TX,143300,265,2021
Wharton,TX,156300,303,2021
Wheeler,TX,85500,52,2021
Wichita,TX,109600,146,2021
Wilbarger,TX,76200,22,2021
Willacy,TX,62000,5,2021
Williamson,TX,308400,473,2021
Wilson,TX,231100,426,2021
Winkler,TX,87400,60,2021
Wise,TX,197300,388,2021
Wood,TX,153900,296,2021
Yoakum,TX,155000,300,2021
Young,TX,135500,244,2021
Zapata,TX,82800,42,2021
Zavala,TX,63300,6,2021
Beaver,UT,221500,416,2021
Box Elder,UT,250500,443,2021
Cache,UT,283800,464,2021
Carbon,UT,156800,305,2021
Daggett,UT,183800,370,2021
Davis,UT,351400,485,2021
Duchesne,UT,194900,385,2021
Emery,UT,149900,283,2021
Garfield,UT,196900,388,2021
Grand,UT,336700,482,2021
Iron,UT,248100,441,2021
Juab,UT,283000,463,2021
Kane,UT,241000,435,2021
Millard,UT,182100,366,2021
Morgan,UT,453900,500,2021
Piute,UT,203400,395,2021
Rich,UT,227300,422,2021
Salt Lake,UT,367300,489,2021
San Juan,UT,137700,250,2021
Sanpete,UT,221200,416,2021
Sevier,UT,201200,391,2021
Summit,UT,734900,509,2021
Tooele,UT,269700,456,2021
Uintah,UT,207700,399,2021
Utah,UT,367200,489,2021
Wasatch,UT,490500,503,2021
Washington,UT,343700,484,2021
Wayne,UT,253300,445,2021
Weber,UT,282800,463,2021
Addison,VT,275800,459,2021
Bennington,VT,218400,413,2021
Caledonia,VT,176200,356,2021
Chittenden,VT,331300,481,2021
Essex,VT,132700,235,2021
Franklin,VT,231700,427,2021
Grand Isle,VT,301900,470,2021
Lamoille,VT,243800,439,2021
Orange,VT,203300,394,2021
Orleans,VT,173600,352,2021
Rutland,VT,177400,359,2021
Washington,VT,244700,439,2021
Windham,VT,222200,417,2021
Windsor,VT,226300,420,2021
Accomack,VA,171400,346,2021
Albemarle,VA,386400,493,2021
Alleghany,VA,117100,179,2021
Amelia,VA,207300,398,2021
Amherst,VA,163800,326,2021
Appomattox,VA,161200,319,2021
Arlington,VA,755800,509,2021
Augusta,VA,232200,428,2021
Bath,VA,174100,352,2021
Bedford,VA,227500,422,2021
Bland,VA,118600,185,2021
Botetourt,VA,242600,437,2021
Brunswick,VA,115100,170,2021
Buchanan,VA,71800,15,2021
Buckingham,VA,137100,249,2021
Campbell,VA,160300,315,2021
Caroline,VA,226600,421,2021
Carroll,VA,117400,180,2021
Charles City,VA,173500,351,2021
Charlotte,VA,124500,208,2021
Chesterfield,VA,269500,456,2021
Clarke,VA,400500,495,2021
Craig,VA,176500,358,2021
Culpeper,VA,328200,480,2021
Cumberland,VA,170100,342,2021
Dickenson,VA,82000,39,2021
Dinwiddie,VA,191800,382,2021
Essex,VA,213100,407,2021
Fairfax,VA,596800,506,2021
Fauquier,VA,434500,498,2021
Floyd,VA,175500,356,2021
Fluvanna,VA,238800,433,2021
Franklin,VA,178800,362,2021
Frederick,VA,282700,463,2021
Giles,VA,133700,238,2021
Gloucester,VA,242100,437,2021
Goochland,VA,402300,495,2021
Grayson,VA,114700,168,2021
Greene,VA,257200,448,2021
Greensville,VA,118100,183,2021
Halifax,VA,120300,192,2021
Hanover,VA,304700,472,2021
Henrico,VA,268400,455,2021
Henry,VA,98600,101,2021
Highland,VA,166400,332,2021
Isle of Wight,VA,295500,468,2021
James City,VA,352700,486,2021
King and Queen,VA,209200,401,2021
King George,VA,327500,479,2021
King William,VA,217600,412,2021
Lancaster,VA,241400,435,2021
Lee,VA,86200,56,2021
Loudoun,VA,569100,504,2021
Louisa,VA,239300,434,2021
Lunenburg,VA,116600,176,2021
Madison,VA,278700,461,2021
Mathews,VA,283300,463,2021
Mecklenburg,VA,146200,273,2021
Middlesex,VA,265200,453,2021
Montgomery,VA,235800,430,2021
Nelson,VA,243900,439,2021
New Kent,VA,309000,474,2021
Northampton,VA,191900,382,2021
Northumberland,VA,282600,463,2021
Nottoway,VA,156600,304,2021
Orange,VA,272200,457,2021
Page,VA,175000,354,2021
Patrick,VA,118800,186,2021
Pittsylvania,VA,129000,221,2021
Powhatan,VA,309200,474,2021
Prince Edward,VA,160800,318,2021
Prince George,VA,231000,426,2021
Prince William,VA,408900,496,2021
Pulaski,VA,163000,324,2021
Rappahannock,VA,428900,497,2021
Richmond,VA,263000,452,2021
Roanoke,VA,140600,258,2021
Rockbridge,VA,209500,401,2021
Rockingham,VA,231800,427,2021
Russell,VA,97600,96,2021
Scott,VA,108100,140,2021
Shenandoah,VA,223600,418,2021
Smyth,VA,108100,140,2021
Southampton,VA,183100,368,2021
Spotsylvania,VA,309000,474,2021
Stafford,VA,370000,490,2021
Surry,VA,207200,398,2021
Sussex,VA,129600,224,2021
Tazewell,VA,101700,111,2021
Warren,VA,261100,450,2021
Washington,VA,163200,324,2021
Westmoreland,VA,211200,403,2021
Wise,VA,94800,87,2021
Wythe,VA,132400,233,2021
York,VA,344800,485,2021
Alexandria,VA,579100,506,2021
Bristol,VA,139000,255,2021
Buena Vista,VA,123100,202,2021
Charlottesville,VA,355800,487,2021
Chesapeake,VA,291700,466,2021
Colonial Heights,VA,188900,377,2021
Covington,VA,69800,13,2021
Danville,VA,91800,75,2021
Emporia,VA,104500,125,2021
Falls Church,VA,838300,510,2021
Fredericksburg,VA,382400,492,2021
Galax,VA,100000,106,2021
Hampton,VA,191000,380,2021
Harrisonburg,VA,231300,426,2021
Hopewell,VA,127300,216,2021
Lexington,VA,251500,444,2021
Lynchburg,VA,169000,339,2021
Manassas,VA,356500,488,2021
Manassas Park,VA,330200,481,2021
Martinsville,VA,77600,26,2021
Newport News,VA,204900,396,2021
Norfolk,VA,223300,417,2021
Norton,VA,96200,92,2021
Petersburg,VA,119200,187,2021
Poquoson,VA,358700,488,2021
Portsmouth,VA,182700,368,2021
Radford,VA,174700,354,2021
Salem,VA,205900,397,2021
Staunton,VA,179900,363,2021
Suffolk,VA,273600,458,2021
Virginia Beach,VA,295900,468,2021
Waynesboro,VA,188400,376,2021
Williamsburg,VA,328700,480,2021
Winchester,VA,270300,456,2021
Adams,WA,175200,355,2021
Asotin,WA,229300,424,2021
Benton,WA,283400,464,2021
Chelan,WA,349200,485,2021
Clallam,WA,290700,466,2021
Clark,WA,381700,492,2021
Columbia,WA,207100,398,2021
Cowlitz,WA,270600,457,2021
Douglas,WA,304500,471,2021
Ferry,WA,204300,395,2021
Franklin,WA,254300,446,2021
Garfield,WA,163800,326,2021
Grant,WA,210100,402,2021
Grays Harbor,WA,213200,407,2021
Island,WA,412300,496,2021
Jefferson,WA,389700,493,2021
King,WA,651900,508,2021
Kitsap,WA,392700,494,2021
Kittitas,WA,352900,486,2021
Klickitat,WA,312100,475,2021
Lewis,WA,260900,449,2021
Lincoln,WA,185300,372,2021
Mason,WA,278100,461,2021
Okanogan,WA,218100,412,2021
Pacific,WA,214900,408,2021
Pend Oreille,WA,261900,450,2021
Pierce,WA,369300,490,2021
San Juan,WA,572600,505,2021
Skagit,WA,371600,490,2021
Skamania,WA,366300,489,2021
Snohomish,WA,483000,502,2021
Spokane,WA,273200,457,2021
Stevens,WA,235400,430,2021
Thurston,WA,344700,484,2021
Wahkiakum,WA,232500,428,2021
Walla Walla,WA,277300,460,2021
Whatcom,WA,396500,495,2021
Whitman,WA,245100,440,2021
Yakima,WA,213200,407,2021
Barbour,WV,106600,134,2021
Berkeley,WV,196700,387,2021
Boone,WV,80100,34,2021
Braxton,WV,88700,65,2021
Brooke,WV,93500,81,2021
Cabell,WV,129900,225,2021
Calhoun,WV,103700,121,2021
Clay,WV,87700,61,2021
Doddridge,WV,135900,245,2021
Fayette,WV,95700,90,2021
Gilmer,WV,82000,39,2021
Grant,WV,137400,250,2021
Greenbrier,WV,128900,221,2021
Hampshire,WV,157600,308,2021
Hancock,WV,97800,97,2021
Hardy,WV,141500,260,2021
Harrison,WV,124800,209,2021
Jackson,WV,137800,251,2021
Jefferson,WV,276700,460,2021
Kanawha,WV,118200,183,2021
Lewis,WV,119700,189,2021
Lincoln,WV,82900,42,2021
Logan,WV,92100,76,2021
McDowell,WV,43700,0,2021
Marion,WV,125300,211,2021
Marshall,WV,116800,177,2021
Mason,WV,108700,142,2021
Mercer,WV,104100,123,2021
Mineral,WV,151700,289,2021
Mingo,WV,83000,43,2021
Monongalia,WV,221600,417,2021
Monroe,WV,123300,203,2021
Morgan,WV,190900,380,2021
Nicholas,WV,93700,83,2021
Ohio,WV,135300,243,2021
Pendleton,WV,135600,244,2021
Pleasants,WV,117100,179,2021
Pocahontas,WV,130200,226,2021
Preston,WV,128800,221,2021
Putnam,WV,176300,357,2021
Raleigh,WV,112300,157,2021
Randolph,WV,116100,174,2021
Ritchie,WV,97100,95,2021
Roane,WV,107200,136,2021
Summers,WV,104500,125,2021
Taylor,WV,120000,191,2021
Tucker,WV,137300,250,2021
Tyler,WV,96000,91,2021
Upshur,WV,131400,230,2021
Wayne,WV,105100,127,2021
Webster,WV,75900,22,2021
Wetzel,WV,100100,106,2021
Wirt,WV,97700,96,2021
Wood,WV,129600,224,2021
Wyoming,WV,75500,20,2021
Adams,WI,150000,283,2021
Ashland,WI,120700,193,2021
Barron,WI,163400,325,2021
Bayfield,WI,187000,374,2021
Brown,WI,193500,384,2021
Buffalo,WI,164500,328,2021
Burnett,WI,173800,352,2021
Calumet,WI,198900,389,2021
Chippewa,WI,183600,369,2021
Clark,WI,134400,240,2021
Columbia,WI,214600,408,2021
Crawford,WI,145600,271,2021
Dane,WI,294500,468,2021
Dodge,WI,173700,352,2021
Door,WI,242100,437,2021
Douglas,WI,155700,301,2021
Dunn,WI,180600,364,2021
Eau Claire,WI,195200,386,2021
Florence,WI,142100,262,2021
Fond du Lac,WI,167800,335,2021
Forest,WI,143600,265,2021
Grant,WI,156700,305,2021
Green,WI,184900,372,2021
Green Lake,WI,162600,323,2021
Iowa,WI,203400,395,2021
Iron,WI,126100,214,2021
Jackson,WI,155100,300,2021
Jefferson,WI,207500,399,2021
Juneau,WI,137800,251,2021
Kenosha,WI,203400,395,2021
Kewaunee,WI,171600,346,2021
La Crosse,WI,197000,388,2021
Lafayette,WI,150300,284,2021
Langlade,WI,123800,205,2021
Lincoln,WI,144600,269,2021
Manitowoc,WI,140400,257,2021
Marathon,WI,169200,340,2021
Marinette,WI,124800,209,2021
Marquette,WI,162900,323,2021
Menominee,WI,87800,61,2021
Milwaukee,WI,172400,348,2021
Monroe,WI,163600,325,2021
Oconto,WI,172100,347,2021
Oneida,WI,186600,374,2021
Outagamie,WI,188800,377,2021
Ozaukee,WI,305700,472,2021
Pepin,WI,153900,296,2021
Pierce,WI,242000,436,2021
Polk,WI,194100,384,2021
Portage,WI,184900,372,2021
Price,WI,125400,211,2021
Racine,WI,194800,385,2021
Richland,WI,148700,279,2021
Rock,WI,165800,331,2021
Rusk,WI,119400,188,2021
St. Croix,WI,282100,462,2021
Sauk,WI,195700,386,2021
Sawyer,WI,184000,370,2021
Shawano,WI,147600,278,2021
Sheboygan,WI,172500,349,2021
Taylor,WI,151500,288,2021
Trempealeau,WI,168300,337,2021
Vernon,WI,168500,337,2021
Vilas,WI,220700,415,2021
Walworth,WI,224300,419,2021
Washburn,WI,170600,343,2021
Washington,WI,259000,449,2021
Waukesha,WI,306300,472,2021
Waupaca,WI,159600,313,2021
Waushara,WI,157300,307,2021
Winnebago,WI,167400,334,2021
Wood,WI,137300,250,2021
Albany,WY,247100,441,2021
Big Horn,WY,158800,310,2021
Campbell,WY,230400,425,2021
Carbon,WY,188100,376,2021
Converse,WY,227200,421,2021
Crook,WY,256000,447,2021
Fremont,WY,207600,399,2021
Goshen,WY,191300,381,2021
Hot Springs,WY,178800,362,2021
Johnson,WY,255500,447,2021
Laramie,WY,253700,445,2021
Lincoln,WY,283800,464,2021
Natrona,WY,218700,413,2021
Niobrara,WY,182900,368,2021
Park,WY,290600,466,2021
Platte,WY,210400,402,2021
Sheridan,WY,289800,466,2021
Sublette,WY,309500,474,2021
Sweetwater,WY,217300,411,2021
Teton,WY,945300,510,2021
Uinta,WY,190900,380,2021
Washakie,WY,178700,361,2021
Weston,WY,174500,353,2021
Adjuntas,,78900,30,2021
Aguada,,88600,64,2021
Aguadilla,,123400,203,2021
Aguas Buenas,,123200,202,2021
Aibonito,,112400,157,2021
Aasco,,89900,70,2021
Arecibo,,95100,88,2021
Arroyo,,86000,54,2021
Barceloneta,,107700,138,2021
Barranquitas,,110000,147,2021
Bayamn,,127900,219,2021
Cabo Rojo,,104600,125,2021
Caguas,,125700,212,2021
Camuy,,92000,76,2021
Canvanas,,102200,114,2021
Carolina,,135700,245,2021
Catao,,114700,168,2021
Cayey,,120200,191,2021
Ceiba,,93700,83,2021
Ciales,,86100,54,2021
Cidra,,120100,191,2021
Coamo,,93800,83,2021
Comero,,106400,132,2021
Corozal,,99700,105,2021
Culebra,,164100,327,2021
Dorado,,131700,231,2021
Fajardo,,102000,112,2021
Florida,,93500,81,2021
Gunica,,79800,33,2021
Guayama,,84900,50,2021
Guayanilla,,76600,23,2021
Guaynabo,,174000,352,2021
Gurabo,,142800,264,2021
Hatillo,,104000,122,2021
Hormigueros,,103800,122,2021
Humacao,,103200,119,2021
Isabela,,112100,155,2021
Jayuya,,96500,93,2021
Juana Daz,,92600,78,2021
Juncos,,102900,118,2021
Lajas,,89300,68,2021
Lares,,87500,60,2021
Las Maras,,85300,51,2021
Las Piedras,,115700,172,2021
Loza,,100000,106,2021
Luquillo,,110000,147,2021
Manat,,105900,130,2021
Maricao,,96100,92,2021
Maunabo,,87600,61,2021
Mayagez,,96800,94,2021
Moca,,92900,78,2021
Morovis,,104600,125,2021
Naguabo,,89600,70,2021
Naranjito,,90800,72,2021
Orocovis,,84600,49,2021
Patillas,,88500,64,2021
Peuelas,,80000,33,2021
Ponce,,98900,102,2021
Quebradillas,,97000,95,2021
Rincn,,130700,228,2021
Ro Grande,,115000,169,2021
Sabana Grande,,94800,87,2021
Salinas,,82200,39,2021
San Germn,,84200,47,2021
San Juan,,150200,284,2021
San Lorenzo,,102100,113,2021
San Sebastin,,96000,91,2021
Santa Isabel,,94600,86,2021
Toa Alta,,131200,229,2021
Toa Baja,,120400,192,2021
Trujillo Alto,,144400,269,2021
Utuado,,91100,73,2021
Vega Alta,,119600,188,2021
Vega Baja,,108700,142,2021
Vieques,,123700,204,2021
Villalba,,93300,80,2021
Yabucoa,,85800,53,2021
Yauco,,90800,72,2021
